[
  {
    "pageSize": {
      "width": 1224,
      "height": 1584
    },
    "metadata": {
      "ballotStyleId": "1",
      "electionHash": "da81438d51136692b43c3daab350b572a8aea13f8706db1ef3ec4573e37a21f1",
      "ballotType": 0,
      "precinctId": "22",
      "locales": {
        "primary": "en-US"
      },
      "isTestMode": false,
      "pageNumber": 1
    },
    "contests": [
      {
        "bounds": {
          "x": 429,
          "y": 43,
          "width": 366,
          "height": 329
        },
        "corners": [
          {
            "x": 429,
            "y": 43
          },
          {
            "x": 794,
            "y": 43
          },
          {
            "x": 429,
            "y": 371
          },
          {
            "x": 794,
            "y": 371
          }
        ],
        "options": [
          {
            "bounds": {
              "x": 429,
              "y": 163,
              "width": 366,
              "height": 69
            },
            "target": {
              "bounds": {
                "x": 454,
                "y": 165,
                "width": 32,
                "height": 21
              },
              "inner": {
                "x": 456,
                "y": 167,
                "width": 28,
                "height": 17
              }
            }
          },
          {
            "bounds": {
              "x": 429,
              "y": 232,
              "width": 366,
              "height": 70
            },
            "target": {
              "bounds": {
                "x": 454,
                "y": 234,
                "width": 32,
                "height": 21
              },
              "inner": {
                "x": 456,
                "y": 236,
                "width": 28,
                "height": 17
              }
            }
          },
          {
            "bounds": {
              "x": 429,
              "y": 302,
              "width": 366,
              "height": 68
            },
            "target": {
              "bounds": {
                "x": 455,
                "y": 304,
                "width": 31,
                "height": 22
              },
              "inner": {
                "x": 456,
                "y": 306,
                "width": 28,
                "height": 18
              }
            }
          }
        ]
      },
      {
        "bounds": {
          "x": 429,
          "y": 393,
          "width": 366,
          "height": 398
        },
        "corners": [
          {
            "x": 429,
            "y": 393
          },
          {
            "x": 794,
            "y": 393
          },
          {
            "x": 429,
            "y": 790
          },
          {
            "x": 794,
            "y": 790
          }
        ],
        "options": [
          {
            "bounds": {
              "x": 429,
              "y": 512,
              "width": 366,
              "height": 69
            },
            "target": {
              "bounds": {
                "x": 455,
                "y": 514,
                "width": 31,
                "height": 22
              },
              "inner": {
                "x": 456,
                "y": 516,
                "width": 28,
                "height": 18
              }
            }
          },
          {
            "bounds": {
              "x": 429,
              "y": 581,
              "width": 366,
              "height": 71
            },
            "target": {
              "bounds": {
                "x": 455,
                "y": 583,
                "width": 31,
                "height": 22
              },
              "inner": {
                "x": 456,
                "y": 585,
                "width": 28,
                "height": 18
              }
            }
          },
          {
            "bounds": {
              "x": 429,
              "y": 652,
              "width": 366,
              "height": 70
            },
            "target": {
              "bounds": {
                "x": 454,
                "y": 654,
                "width": 32,
                "height": 21
              },
              "inner": {
                "x": 456,
                "y": 656,
                "width": 28,
                "height": 17
              }
            }
          },
          {
            "bounds": {
              "x": 429,
              "y": 722,
              "width": 366,
              "height": 67
            },
            "target": {
              "bounds": {
                "x": 455,
                "y": 724,
                "width": 31,
                "height": 22
              },
              "inner": {
                "x": 456,
                "y": 726,
                "width": 28,
                "height": 18
              }
            }
          }
        ]
      },
      {
        "bounds": {
          "x": 429,
          "y": 811,
          "width": 366,
          "height": 329
        },
        "corners": [
          {
            "x": 429,
            "y": 811
          },
          {
            "x": 794,
            "y": 811
          },
          {
            "x": 429,
            "y": 1139
          },
          {
            "x": 794,
            "y": 1139
          }
        ],
        "options": [
          {
            "bounds": {
              "x": 429,
              "y": 931,
              "width": 366,
              "height": 70
            },
            "target": {
              "bounds": {
                "x": 454,
                "y": 933,
                "width": 32,
                "height": 21
              },
              "inner": {
                "x": 456,
                "y": 935,
                "width": 28,
                "height": 17
              }
            }
          },
          {
            "bounds": {
              "x": 429,
              "y": 1001,
              "width": 366,
              "height": 71
            },
            "target": {
              "bounds": {
                "x": 455,
                "y": 1003,
                "width": 31,
                "height": 22
              },
              "inner": {
                "x": 456,
                "y": 1005,
                "width": 28,
                "height": 18
              }
            }
          },
          {
            "bounds": {
              "x": 429,
              "y": 1072,
              "width": 366,
              "height": 66
            },
            "target": {
              "bounds": {
                "x": 454,
                "y": 1074,
                "width": 32,
                "height": 21
              },
              "inner": {
                "x": 456,
                "y": 1076,
                "width": 28,
                "height": 17
              }
            }
          }
        ]
      },
      {
        "bounds": {
          "x": 816,
          "y": 43,
          "width": 365,
          "height": 398
        },
        "corners": [
          {
            "x": 816,
            "y": 43
          },
          {
            "x": 1180,
            "y": 43
          },
          {
            "x": 816,
            "y": 440
          },
          {
            "x": 1180,
            "y": 440
          }
        ],
        "options": [
          {
            "bounds": {
              "x": 816,
              "y": 163,
              "width": 365,
              "height": 69
            },
            "target": {
              "bounds": {
                "x": 841,
                "y": 165,
                "width": 32,
                "height": 21
              },
              "inner": {
                "x": 843,
                "y": 167,
                "width": 28,
                "height": 17
              }
            }
          },
          {
            "bounds": {
              "x": 816,
              "y": 232,
              "width": 365,
              "height": 70
            },
            "target": {
              "bounds": {
                "x": 841,
                "y": 234,
                "width": 32,
                "height": 21
              },
              "inner": {
                "x": 843,
                "y": 236,
                "width": 28,
                "height": 17
              }
            }
          },
          {
            "bounds": {
              "x": 816,
              "y": 302,
              "width": 365,
              "height": 71
            },
            "target": {
              "bounds": {
                "x": 842,
                "y": 304,
                "width": 31,
                "height": 22
              },
              "inner": {
                "x": 843,
                "y": 306,
                "width": 28,
                "height": 18
              }
            }
          },
          {
            "bounds": {
              "x": 816,
              "y": 373,
              "width": 365,
              "height": 66
            },
            "target": {
              "bounds": {
                "x": 841,
                "y": 375,
                "width": 32,
                "height": 21
              },
              "inner": {
                "x": 843,
                "y": 377,
                "width": 28,
                "height": 17
              }
            }
          }
        ]
      },
      {
        "bounds": {
          "x": 816,
          "y": 462,
          "width": 365,
          "height": 470
        },
        "corners": [
          {
            "x": 816,
            "y": 462
          },
          {
            "x": 1180,
            "y": 462
          },
          {
            "x": 816,
            "y": 931
          },
          {
            "x": 1180,
            "y": 931
          }
        ],
        "options": [
          {
            "bounds": {
              "x": 816,
              "y": 581,
              "width": 365,
              "height": 71
            },
            "target": {
              "bounds": {
                "x": 842,
                "y": 583,
                "width": 31,
                "height": 22
              },
              "inner": {
                "x": 843,
                "y": 585,
                "width": 28,
                "height": 18
              }
            }
          },
          {
            "bounds": {
              "x": 816,
              "y": 652,
              "width": 365,
              "height": 70
            },
            "target": {
              "bounds": {
                "x": 841,
                "y": 654,
                "width": 32,
                "height": 21
              },
              "inner": {
                "x": 843,
                "y": 656,
                "width": 28,
                "height": 17
              }
            }
          },
          {
            "bounds": {
              "x": 816,
              "y": 722,
              "width": 365,
              "height": 71
            },
            "target": {
              "bounds": {
                "x": 842,
                "y": 724,
                "width": 31,
                "height": 22
              },
              "inner": {
                "x": 843,
                "y": 726,
                "width": 28,
                "height": 18
              }
            }
          },
          {
            "bounds": {
              "x": 816,
              "y": 793,
              "width": 365,
              "height": 69
            },
            "target": {
              "bounds": {
                "x": 841,
                "y": 795,
                "width": 32,
                "height": 21
              },
              "inner": {
                "x": 843,
                "y": 797,
                "width": 28,
                "height": 17
              }
            }
          },
          {
            "bounds": {
              "x": 816,
              "y": 862,
              "width": 365,
              "height": 68
            },
            "target": {
              "bounds": {
                "x": 841,
                "y": 864,
                "width": 32,
                "height": 21
              },
              "inner": {
                "x": 843,
                "y": 866,
                "width": 28,
                "height": 17
              }
            }
          }
        ]
      }
    ]
  },
  {
    "pageSize": {
      "width": 1224,
      "height": 1584
    },
    "metadata": {
      "ballotStyleId": "1",
      "electionHash": "da81438d51136692b43c3daab350b572a8aea13f8706db1ef3ec4573e37a21f1",
      "ballotType": 0,
      "precinctId": "22",
      "locales": {
        "primary": "en-US"
      },
      "isTestMode": false,
      "pageNumber": 2
    },
    "contests": [
      {
        "bounds": {
          "x": 43,
          "y": 43,
          "width": 365,
          "height": 494
        },
        "corners": [
          {
            "x": 43,
            "y": 43
          },
          {
            "x": 407,
            "y": 43
          },
          {
            "x": 43,
            "y": 536
          },
          {
            "x": 407,
            "y": 536
          }
        ],
        "options": [
          {
            "bounds": {
              "x": 43,
              "y": 188,
              "width": 365,
              "height": 71
            },
            "target": {
              "bounds": {
                "x": 69,
                "y": 190,
                "width": 32,
                "height": 22
              },
              "inner": {
                "x": 71,
                "y": 192,
                "width": 28,
                "height": 18
              }
            }
          },
          {
            "bounds": {
              "x": 43,
              "y": 259,
              "width": 365,
              "height": 69
            },
            "target": {
              "bounds": {
                "x": 69,
                "y": 261,
                "width": 32,
                "height": 21
              },
              "inner": {
                "x": 71,
                "y": 263,
                "width": 28,
                "height": 17
              }
            }
          },
          {
            "bounds": {
              "x": 43,
              "y": 328,
              "width": 365,
              "height": 70
            },
            "target": {
              "bounds": {
                "x": 69,
                "y": 330,
                "width": 32,
                "height": 21
              },
              "inner": {
                "x": 71,
                "y": 332,
                "width": 28,
                "height": 17
              }
            }
          },
          {
            "bounds": {
              "x": 43,
              "y": 398,
              "width": 365,
              "height": 71
            },
            "target": {
              "bounds": {
                "x": 69,
                "y": 400,
                "width": 32,
                "height": 22
              },
              "inner": {
                "x": 71,
                "y": 402,
                "width": 28,
                "height": 18
              }
            }
          },
          {
            "bounds": {
              "x": 43,
              "y": 469,
              "width": 365,
              "height": 66
            },
            "target": {
              "bounds": {
                "x": 69,
                "y": 471,
                "width": 32,
                "height": 21
              },
              "inner": {
                "x": 71,
                "y": 473,
                "width": 28,
                "height": 17
              }
            }
          }
        ]
      },
      {
        "bounds": {
          "x": 429,
          "y": 44,
          "width": 366,
          "height": 774
        },
        "corners": [
          {
            "x": 429,
            "y": 44
          },
          {
            "x": 794,
            "y": 44
          },
          {
            "x": 429,
            "y": 817
          },
          {
            "x": 794,
            "y": 817
          }
        ],
        "options": [
          {
            "bounds": {
              "x": 429,
              "y": 163,
              "width": 366,
              "height": 69
            },
            "target": {
              "bounds": {
                "x": 454,
                "y": 165,
                "width": 32,
                "height": 21
              },
              "inner": {
                "x": 456,
                "y": 167,
                "width": 28,
                "height": 17
              }
            }
          },
          {
            "bounds": {
              "x": 429,
              "y": 232,
              "width": 366,
              "height": 70
            },
            "target": {
              "bounds": {
                "x": 454,
                "y": 234,
                "width": 32,
                "height": 21
              },
              "inner": {
                "x": 456,
                "y": 236,
                "width": 28,
                "height": 17
              }
            }
          },
          {
            "bounds": {
              "x": 429,
              "y": 302,
              "width": 366,
              "height": 71
            },
            "target": {
              "bounds": {
                "x": 454,
                "y": 304,
                "width": 32,
                "height": 22
              },
              "inner": {
                "x": 456,
                "y": 306,
                "width": 28,
                "height": 18
              }
            }
          },
          {
            "bounds": {
              "x": 429,
              "y": 373,
              "width": 366,
              "height": 70
            },
            "target": {
              "bounds": {
                "x": 454,
                "y": 375,
                "width": 32,
                "height": 21
              },
              "inner": {
                "x": 456,
                "y": 377,
                "width": 28,
                "height": 17
              }
            }
          },
          {
            "bounds": {
              "x": 429,
              "y": 443,
              "width": 366,
              "height": 69
            },
            "target": {
              "bounds": {
                "x": 454,
                "y": 445,
                "width": 32,
                "height": 22
              },
              "inner": {
                "x": 456,
                "y": 447,
                "width": 28,
                "height": 18
              }
            }
          },
          {
            "bounds": {
              "x": 429,
              "y": 512,
              "width": 366,
              "height": 71
            },
            "target": {
              "bounds": {
                "x": 454,
                "y": 514,
                "width": 32,
                "height": 22
              },
              "inner": {
                "x": 456,
                "y": 516,
                "width": 28,
                "height": 18
              }
            }
          },
          {
            "bounds": {
              "x": 429,
              "y": 583,
              "width": 366,
              "height": 55
            },
            "target": {
              "bounds": {
                "x": 454,
                "y": 585,
                "width": 32,
                "height": 21
              },
              "inner": {
                "x": 456,
                "y": 587,
                "width": 28,
                "height": 17
              }
            }
          },
          {
            "bounds": {
              "x": 429,
              "y": 638,
              "width": 366,
              "height": 56
            },
            "target": {
              "bounds": {
                "x": 454,
                "y": 640,
                "width": 32,
                "height": 22
              },
              "inner": {
                "x": 456,
                "y": 642,
                "width": 28,
                "height": 18
              }
            }
          },
          {
            "bounds": {
              "x": 429,
              "y": 694,
              "width": 366,
              "height": 55
            },
            "target": {
              "bounds": {
                "x": 454,
                "y": 696,
                "width": 32,
                "height": 21
              },
              "inner": {
                "x": 456,
                "y": 698,
                "width": 28,
                "height": 17
              }
            }
          },
          {
            "bounds": {
              "x": 429,
              "y": 749,
              "width": 366,
              "height": 67
            },
            "target": {
              "bounds": {
                "x": 454,
                "y": 751,
                "width": 32,
                "height": 22
              },
              "inner": {
                "x": 456,
                "y": 753,
                "width": 28,
                "height": 18
              }
            }
          }
        ]
      },
      {
        "bounds": {
          "x": 816,
          "y": 44,
          "width": 365,
          "height": 984
        },
        "corners": [
          {
            "x": 816,
            "y": 44
          },
          {
            "x": 1180,
            "y": 44
          },
          {
            "x": 816,
            "y": 1027
          },
          {
            "x": 1180,
            "y": 1027
          }
        ],
        "options": [
          {
            "bounds": {
              "x": 816,
              "y": 163,
              "width": 365,
              "height": 69
            },
            "target": {
              "bounds": {
                "x": 841,
                "y": 165,
                "width": 32,
                "height": 21
              },
              "inner": {
                "x": 843,
                "y": 167,
                "width": 28,
                "height": 17
              }
            }
          },
          {
            "bounds": {
              "x": 816,
              "y": 232,
              "width": 365,
              "height": 70
            },
            "target": {
              "bounds": {
                "x": 841,
                "y": 234,
                "width": 32,
                "height": 21
              },
              "inner": {
                "x": 843,
                "y": 236,
                "width": 28,
                "height": 17
              }
            }
          },
          {
            "bounds": {
              "x": 816,
              "y": 302,
              "width": 365,
              "height": 71
            },
            "target": {
              "bounds": {
                "x": 841,
                "y": 304,
                "width": 32,
                "height": 22
              },
              "inner": {
                "x": 843,
                "y": 306,
                "width": 28,
                "height": 18
              }
            }
          },
          {
            "bounds": {
              "x": 816,
              "y": 373,
              "width": 365,
              "height": 70
            },
            "target": {
              "bounds": {
                "x": 841,
                "y": 375,
                "width": 32,
                "height": 21
              },
              "inner": {
                "x": 843,
                "y": 377,
                "width": 28,
                "height": 17
              }
            }
          },
          {
            "bounds": {
              "x": 816,
              "y": 443,
              "width": 365,
              "height": 69
            },
            "target": {
              "bounds": {
                "x": 841,
                "y": 445,
                "width": 32,
                "height": 22
              },
              "inner": {
                "x": 843,
                "y": 447,
                "width": 28,
                "height": 18
              }
            }
          },
          {
            "bounds": {
              "x": 816,
              "y": 512,
              "width": 365,
              "height": 71
            },
            "target": {
              "bounds": {
                "x": 841,
                "y": 514,
                "width": 32,
                "height": 22
              },
              "inner": {
                "x": 843,
                "y": 516,
                "width": 28,
                "height": 18
              }
            }
          },
          {
            "bounds": {
              "x": 816,
              "y": 583,
              "width": 365,
              "height": 70
            },
            "target": {
              "bounds": {
                "x": 841,
                "y": 585,
                "width": 32,
                "height": 21
              },
              "inner": {
                "x": 843,
                "y": 587,
                "width": 28,
                "height": 17
              }
            }
          },
          {
            "bounds": {
              "x": 816,
              "y": 653,
              "width": 365,
              "height": 69
            },
            "target": {
              "bounds": {
                "x": 841,
                "y": 655,
                "width": 32,
                "height": 22
              },
              "inner": {
                "x": 843,
                "y": 657,
                "width": 28,
                "height": 18
              }
            }
          },
          {
            "bounds": {
              "x": 816,
              "y": 722,
              "width": 365,
              "height": 71
            },
            "target": {
              "bounds": {
                "x": 841,
                "y": 724,
                "width": 32,
                "height": 22
              },
              "inner": {
                "x": 843,
                "y": 726,
                "width": 28,
                "height": 18
              }
            }
          },
          {
            "bounds": {
              "x": 816,
              "y": 793,
              "width": 365,
              "height": 55
            },
            "target": {
              "bounds": {
                "x": 841,
                "y": 795,
                "width": 32,
                "height": 21
              },
              "inner": {
                "x": 843,
                "y": 797,
                "width": 28,
                "height": 17
              }
            }
          },
          {
            "bounds": {
              "x": 816,
              "y": 848,
              "width": 365,
              "height": 56
            },
            "target": {
              "bounds": {
                "x": 841,
                "y": 850,
                "width": 32,
                "height": 22
              },
              "inner": {
                "x": 843,
                "y": 852,
                "width": 28,
                "height": 18
              }
            }
          },
          {
            "bounds": {
              "x": 816,
              "y": 904,
              "width": 365,
              "height": 55
            },
            "target": {
              "bounds": {
                "x": 841,
                "y": 906,
                "width": 32,
                "height": 21
              },
              "inner": {
                "x": 843,
                "y": 908,
                "width": 28,
                "height": 17
              }
            }
          },
          {
            "bounds": {
              "x": 816,
              "y": 959,
              "width": 365,
              "height": 67
            },
            "target": {
              "bounds": {
                "x": 841,
                "y": 961,
                "width": 32,
                "height": 22
              },
              "inner": {
                "x": 843,
                "y": 963,
                "width": 28,
                "height": 18
              }
            }
          }
        ]
      }
    ]
  }
]