Low Range,High Range,Side,Street Name,Postal City,Zip 5,Zip 4,District,School Dist,Village Dist,US Cong,Exec Counc,State Sen,State Rep,State Rep Flot,County Name,County Comm Dist
5,7,ALL,"Main St",Lebanon,03766,,"0",40,N/A,2,5,11,43,37,HILLSBOROUGH,"3RD HILLSBRGH"
9,52,ALL,"High St",Epping,03042,,"0",40,N/A,2,5,11,43,37,HILLSBOROUGH,"3RD HILLSBRGH"
8,52,EVEN,"Maple Ave",Concord,03301,,"0",40,N/A,2,5,11,43,37,HILLSBOROUGH,"3RD HILLSBRGH"
13,51,ODD,"Oak St",Portsmouth,03801,,"0",40,N/A,2,5,11,43,37,HILLSBOROUGH,"3RD HILLSBRGH"
15,37,ODD,"Pine St",Manchester,03101,,"0",40,N/A,2,5,11,43,37,HILLSBOROUGH,"3RD HILLSBRGH"
18,36,EVEN,"Pine St",Hudson,03051,,"0",40,N/A,2,5,11,43,37,HILLSBOROUGH,"3RD HILLSBRGH"
11,41,ODD,"Elm St",Portsmouth,03801,,"0",40,N/A,2,5,11,43,37,HILLSBOROUGH,"3RD HILLSBRGH"
9,23,ODD,"Cedar St",Claremont,03743,,"0",40,N/A,2,5,11,43,37,HILLSBOROUGH,"3RD HILLSBRGH"
7,57,ODD,"Birch St",Hooksett,03106,,"0",40,N/A,2,5,11,43,37,HILLSBOROUGH,"3RD HILLSBRGH"
18,42,EVEN,"Birch St",Portsmouth,03801,,"0",40,N/A,2,5,11,43,37,HILLSBOROUGH,"3RD HILLSBRGH"
18,45,ALL,"Walnut St",Enfield,03441,,"0",40,N/A,2,5,11,43,37,HILLSBOROUGH,"3RD HILLSBRGH"
11,45,ODD,"Willow St",Hudson,03051,,"0",40,N/A,2,5,11,43,37,HILLSBOROUGH,"3RD HILLSBRGH"
19,25,ODD,"Sunset Blvd",Salem,03079,,"0",40,N/A,2,5,11,43,37,HILLSBOROUGH,"3RD HILLSBRGH"
12,38,EVEN,"Broadway",Concord,03301,,"0",40,N/A,2,5,11,43,37,HILLSBOROUGH,"3RD HILLSBRGH"
11,45,ODD,"Center Ave",Concord,03301,,"0",40,N/A,2,5,11,43,37,HILLSBOROUGH,"3RD HILLSBRGH"
21,59,ODD,"Hillcrest Drive",Laconia,03246,,"0",40,N/A,2,5,11,43,37,HILLSBOROUGH,"3RD HILLSBRGH"
11,61,ODD,"River Road",Salem,03079,,"0",40,N/A,2,5,11,43,37,HILLSBOROUGH,"3RD HILLSBRGH"
8,48,EVEN,"River Road",Keene,03431,,"0",40,N/A,2,5,11,43,37,HILLSBOROUGH,"3RD HILLSBRGH"
17,52,ALL,"Lakeside Drive",Portsmouth,03801,,"0",40,N/A,2,5,11,43,37,HILLSBOROUGH,"3RD HILLSBRGH"
4,52,EVEN,"Park Lane",Epping,03042,,"0",40,N/A,2,5,11,43,37,HILLSBOROUGH,"3RD HILLSBRGH"
4,18,ALL,"Spruce St",Berlin,03570,,"0",40,N/A,2,5,11,43,37,HILLSBOROUGH,"3RD HILLSBRGH"
17,37,ALL,"Cherry Lane",Nashua,03060,,"0",40,N/A,2,5,11,43,37,HILLSBOROUGH,"3RD HILLSBRGH"
8,54,EVEN,"Magnolia Blvd",Laconia,03246,,"0",40,N/A,2,5,11,43,37,HILLSBOROUGH,"3RD HILLSBRGH"
15,57,ODD,"Elmwood Ave",Enfield,03441,,"0",40,N/A,2,5,11,43,37,HILLSBOROUGH,"3RD HILLSBRGH"
8,36,EVEN,"Elmwood Ave",Epping,03042,,"0",40,N/A,2,5,11,43,37,HILLSBOROUGH,"3RD HILLSBRGH"
1,41,ODD,"Forest Drive",Lebanon,03766,,"0",40,N/A,2,5,11,43,37,HILLSBOROUGH,"3RD HILLSBRGH"
6,22,EVEN,"Forest Drive",Concord,03301,,"0",40,N/A,2,5,11,43,37,HILLSBOROUGH,"3RD HILLSBRGH"
13,31,ODD,"Crescent St",Manchester,03101,,"0",40,N/A,2,5,11,43,37,HILLSBOROUGH,"3RD HILLSBRGH"
8,14,EVEN,"Crescent St",Nashua,03060,,"0",40,N/A,2,5,11,43,37,HILLSBOROUGH,"3RD HILLSBRGH"
8,21,ALL,"Meadow Lane",Berlin,03570,,"0",40,N/A,2,5,11,43,37,HILLSBOROUGH,"3RD HILLSBRGH"
13,35,ODD,"Garden Path",Lebanon,03766,,"0",40,N/A,2,5,11,43,37,HILLSBOROUGH,"3RD HILLSBRGH"
13,21,ODD,"Bayview Blvd",Lebanon,03766,,"0",40,N/A,2,5,11,43,37,HILLSBOROUGH,"3RD HILLSBRGH"
12,30,EVEN,"Bayview Blvd",Concord,03301,,"0",40,N/A,2,5,11,43,37,HILLSBOROUGH,"3RD HILLSBRGH"
11,37,ODD,"Ridge Road",Dover,03820,,"0",40,N/A,2,5,11,43,37,HILLSBOROUGH,"3RD HILLSBRGH"
7,53,ODD,"Crystal Way",Manchester,03101,,"0",40,N/A,2,5,11,43,37,HILLSBOROUGH,"3RD HILLSBRGH"
4,48,EVEN,"Waterfront Dr",Keene,03431,,"0",40,N/A,2,5,11,43,37,HILLSBOROUGH,"3RD HILLSBRGH"
5,23,ODD,"Pinecone Ln",Hudson,03051,,"0",40,N/A,2,5,11,43,37,HILLSBOROUGH,"3RD HILLSBRGH"
17,31,ODD,"Granite St",Manchester,03101,,"0",40,N/A,2,5,11,43,37,HILLSBOROUGH,"3RD HILLSBRGH"
18,64,EVEN,"Granite St",Berlin,03570,,"0",40,N/A,2,5,11,43,37,HILLSBOROUGH,"3RD HILLSBRGH"
14,48,EVEN,"Evergreen Terrace",Laconia,03246,,"0",40,N/A,2,5,11,43,37,HILLSBOROUGH,"3RD HILLSBRGH"
6,44,EVEN,"Sycamore Ave",Manchester,03101,,"0",40,N/A,2,5,11,43,37,HILLSBOROUGH,"3RD HILLSBRGH"
11,33,ODD,"Bayshore Blvd",Berlin,03570,,"0",40,N/A,2,5,11,43,37,HILLSBOROUGH,"3RD HILLSBRGH"
16,25,ALL,"Stonewall Rd",Keene,03431,,"0",40,N/A,2,5,11,43,37,HILLSBOROUGH,"3RD HILLSBRGH"
15,65,ODD,"Redwood Dr",Enfield,03441,,"0",40,N/A,2,5,11,43,37,HILLSBOROUGH,"3RD HILLSBRGH"
12,44,EVEN,"Heritage Ln",Berlin,03570,,"0",40,N/A,2,5,11,43,37,HILLSBOROUGH,"3RD HILLSBRGH"
17,45,ALL,"Sunrise Blvd",Manchester,03101,,"0",40,N/A,2,5,11,43,37,HILLSBOROUGH,"3RD HILLSBRGH"
17,29,ODD,"Victory Ave",Nashua,03060,,"0",40,N/A,2,5,11,43,37,HILLSBOROUGH,"3RD HILLSBRGH"
16,38,EVEN,"Victory Ave",Portsmouth,03801,,"0",40,N/A,2,5,11,43,37,HILLSBOROUGH,"3RD HILLSBRGH"
13,17,ODD,"Sierra Rd",Manchester,03101,,"0",40,N/A,2,5,11,43,37,HILLSBOROUGH,"3RD HILLSBRGH"
4,54,EVEN,"Sierra Rd",Nashua,03060,,"0",40,N/A,2,5,11,43,37,HILLSBOROUGH,"3RD HILLSBRGH"