{
  "en": {
    "audioFeedback10PercentVolume": [
      "ed5e0c760f"
    ],
    "audioFeedback20PercentVolume": [
      "856008bd58"
    ],
    "audioFeedback30PercentVolume": [
      "a8740b25b1"
    ],
    "audioFeedback40PercentVolume": [
      "e83ffc479c"
    ],
    "audioFeedback50PercentVolume": [
      "532e43fa9e"
    ],
    "audioFeedback60PercentVolume": [
      "eb4378d24a"
    ],
    "audioFeedback70PercentVolume": [
      "3abc92facd"
    ],
    "audioFeedback80PercentVolume": [
      "aadfb904e4"
    ],
    "audioFeedback90PercentVolume": [
      "dbfa868e1b"
    ],
    "audioFeedbackMaximumVolume": [
      "c775036f45"
    ],
    "audioFeedbackMinimumVolume": [
      "e40ec1a1bb"
    ],
    "bmdPatDeviceInputNameMove": [
      "4a47eb156e"
    ],
    "bmdPatDeviceInputNameSelect": [
      "916bfa7d3f"
    ],
    "buttonAccept": [
      "e150745665"
    ],
    "buttonAddWriteIn": [
      "1d55fc1445"
    ],
    "buttonAudioMute": [
      "9c5af9294b"
    ],
    "buttonAudioUnmute": [
      "1efe288f7f"
    ],
    "buttonBack": [
      "7a6b746dc4"
    ],
    "buttonBallotIsCorrect": [
      "18d5427553"
    ],
    "buttonBallotIsIncorrect": [
      "88597a84e7"
    ],
    "buttonBmdReviewCardAction": [
      "eadb07c0f4"
    ],
    "buttonBmdReviewCardActionPatDevice": [
      "2a1d9550c7"
    ],
    "buttonBmdSkipPatCalibration": [
      "11964962d3"
    ],
    "buttonCancel": [
      "9f09bd322f"
    ],
    "buttonCastBallot": [
      "639df0c01b"
    ],
    "buttonChange": [
      "bb3a0a5a83"
    ],
    "buttonClose": [
      "99ac8bad23"
    ],
    "buttonContinue": [
      "2d62f90150"
    ],
    "buttonDone": [
      "ce217dead4"
    ],
    "buttonEnableAudioOnlyMode": [
      "b1382aee37"
    ],
    "buttonExitAudioOnlyMode": [
      "ce0d3ed415"
    ],
    "buttonMore": [
      "1d8a55d8c5"
    ],
    "buttonNext": [
      "4e03a2fb4a"
    ],
    "buttonNo": [
      "60ab8ece9d"
    ],
    "buttonOkay": [
      "d2f4328c21"
    ],
    "buttonPrintBallot": [
      "a3a1af5bde"
    ],
    "buttonReset": [
      "61b0835963"
    ],
    "buttonReturnBallot": [
      "88dc2ac4dc"
    ],
    "buttonReturnToBallotReview": [
      "ffcb82b1fc"
    ],
    "buttonReview": [
      "ce2dd3490b"
    ],
    "buttonStartVoting": [
      "194ce5021f"
    ],
    "buttonStillVoting": [
      "8528f68131"
    ],
    "buttonViewContests": [
      "8cf4856cc5"
    ],
    "buttonVoterSettings": [
      "a97be1e1bf"
    ],
    "buttonYes": [
      "477cd3df6a"
    ],
    "helpBmdControllerButtonFocusNext": [
      "c85c9a5e67"
    ],
    "helpBmdControllerButtonFocusPrevious": [
      "e168d144b8"
    ],
    "helpBmdControllerButtonPageNext": [
      "f21c93a652"
    ],
    "helpBmdControllerButtonPagePrevious": [
      "1196ba1189"
    ],
    "helpBmdControllerButtonPlaybackRateDown": [
      "0c9722c124"
    ],
    "helpBmdControllerButtonPlaybackRateUp": [
      "fd13bcaf1d"
    ],
    "helpBmdControllerButtonSelect": [
      "60b9b5d3e6"
    ],
    "helpBmdControllerButtonToggleHelp": [
      "91d2ad416b"
    ],
    "helpBmdControllerButtonTogglePause": [
      "1c5365d29f"
    ],
    "helpBmdControllerButtonVolumeDown": [
      "75e4452cab"
    ],
    "helpBmdControllerButtonVolumeUp": [
      "94e5f3f8a7"
    ],
    "instructionsAskForHelp": [
      "7496fa4af7"
    ],
    "instructionsAskPollWorkerToPlugInPower": [
      "4fa26a0f1f"
    ],
    "instructionsAudioMuteButton": [
      "d2b0b76aad"
    ],
    "instructionsBmdAskForRestart": [
      "600c77441a"
    ],
    "instructionsBmdBallotNavigationMark": [
      "81188c0187"
    ],
    "instructionsBmdBallotNavigationMarkScan": [
      "355dfadccb"
    ],
    "instructionsBmdBallotNavigationMarkScanPatDevice": [
      "49b064108d"
    ],
    "instructionsBmdCastBallotPreamble": [
      "96037c524e"
    ],
    "instructionsBmdCastBallotPreamblePostPrint": [
      "f67c157605"
    ],
    "instructionsBmdCastBallotStep1": [
      "dad73fd966"
    ],
    "instructionsBmdCastBallotStep2": [
      "2050cfd559"
    ],
    "instructionsBmdClosePrinterCover": [
      "aa4727ff35"
    ],
    "instructionsBmdConfirmCastingBallot": [
      "bb39b2c5c5"
    ],
    "instructionsBmdConfirmCastingBallotPatDevice": [
      "211881bb87"
    ],
    "instructionsBmdConfirmPrintingBallot": [
      "b1238c4490"
    ],
    "instructionsBmdConfirmPrintingBallotPatDevice": [
      "0660ae8d05"
    ],
    "instructionsBmdContestNavigation": [
      "6b41f8d79e"
    ],
    "instructionsBmdContestNavigationPatDevice": [
      "60f1d85c7d"
    ],
    "instructionsBmdControllerSandboxMarkScan": [
      "747d11547d"
    ],
    "instructionsBmdInsertBallotFaceUp": [
      "6e54ae58ad"
    ],
    "instructionsBmdInsertPreviouslyPrintedBallot": [
      "457a11eded"
    ],
    "instructionsBmdInvalidatedBallot": [
      "8751921e92"
    ],
    "instructionsBmdMoveToSelectToContinuePatDevice": [
      "98ffc593e3"
    ],
    "instructionsBmdNextToContinue": [
      "84df77c973"
    ],
    "instructionsBmdPaperJam": [
      "b3d95f2171"
    ],
    "instructionsBmdPatCalibrationActivateInput": [
      "e59f570fd5"
    ],
    "instructionsBmdPatCalibrationActivateInputAgain": [
      "ad99345420"
    ],
    "instructionsBmdPatCalibrationActivateOtherInput": [
      "c686c1b6f7"
    ],
    "instructionsBmdPatCalibrationConfirmExitScreen": [
      "99be78fb3f"
    ],
    "instructionsBmdPatCalibrationIntroStep": [
      "e17f27ee47"
    ],
    "instructionsBmdPatCalibrationTryInput": [
      "f9c6655327"
    ],
    "instructionsBmdPrintScreenNoBallotRemoval": [
      "3dc2af3bd6"
    ],
    "instructionsBmdReinsertBallot": [
      "d0c2035668"
    ],
    "instructionsBmdReviewAndValidatePrintedBallot": [
      "be05a5ee1d"
    ],
    "instructionsBmdReviewPageChangingVotes": [
      "16a4270a9c"
    ],
    "instructionsBmdReviewPageChangingVotesPatDevice": [
      "6616862dce"
    ],
    "instructionsBmdReviewPageNavigation": [
      "4d7aa26f01"
    ],
    "instructionsBmdReviewPageNavigationPatDevice": [
      "3aff88326e"
    ],
    "instructionsBmdScanReviewConfirmation": [
      "af68b00bf6"
    ],
    "instructionsBmdScanReviewConfirmationPatDevice": [
      "31dca33dce"
    ],
    "instructionsBmdSelectToContinue": [
      "772f01249b"
    ],
    "instructionsBmdSelectToContinuePatDevice": [
      "3c9a802346"
    ],
    "instructionsBmdWriteInFormNavigation": [
      "219956fb74"
    ],
    "instructionsBmdWriteInFormNavigationPatDevice": [
      "4185a90516"
    ],
    "instructionsLanguageSettingsButton": [
      "19b5289731"
    ],
    "instructionsLanguageSettingsScreen": [
      "9d638a0d8f"
    ],
    "instructionsLanguageSettingsScreenPatDevice": [
      "83bfcfdbcf"
    ],
    "instructionsScannerAskForRestart": [
      "92c91b47bd"
    ],
    "instructionsScannerInsertBallotScreen": [
      "301c6ddf53"
    ],
    "instructionsScannerRemoveBallotToContinue": [
      "c42807795a"
    ],
    "instructionsScannerRemoveDoubleSheet": [
      "9ab50f1154"
    ],
    "labelAllPrecinctsSelection": [
      "aba535f129"
    ],
    "labelBallotStyle": [
      "2a37d670d0"
    ],
    "labelBmdPatCalibrationInputActivated": [
      "79d85e146c"
    ],
    "labelBmdPatCalibrationInputIdentified": [
      "c0a732b947"
    ],
    "labelBmdSecondsRemaining": [
      "43e25a0fc8"
    ],
    "labelBmdWriteInForm": [
      "b762e801b4"
    ],
    "labelCharactersRemaining": [
      "126bb3c276"
    ],
    "labelContestNumber": [
      "4b0a4b7bbe"
    ],
    "labelContestsRemaining": [
      "4c86ed924e"
    ],
    "labelContestsWithNoVotes": [
      "e9f2c227f7"
    ],
    "labelContestsWithTooManyVotes": [
      "d24dd4017a"
    ],
    "labelContestsWithVotesRemaining": [
      "812b3519f4"
    ],
    "labelCurrentLanguage": [
      "def2a6de60"
    ],
    "labelDeselected": [
      "d7c9627e37"
    ],
    "labelDeselectedOption": [
      "c4e08f7581"
    ],
    "labelEitherNeitherContestEitherNeitherSection": [
      "e49d780a83"
    ],
    "labelEitherNeitherContestPickOneSection": [
      "5c34e73832"
    ],
    "labelKeyboardComma": [
      "b9d5c232ac"
    ],
    "labelKeyboardDelete": [
      "1dc738560f"
    ],
    "labelKeyboardDoubleQuote": [
      "e53a59db20"
    ],
    "labelKeyboardHyphen": [
      "dacc490bf7"
    ],
    "labelKeyboardPeriod": [
      "a74bb6d777"
    ],
    "labelKeyboardSingleQuote": [
      "a9a50db973"
    ],
    "labelKeyboardSpaceBar": [
      "86870984c5"
    ],
    "labelNumBallotContests": [
      "72d90fef92"
    ],
    "labelNumSheetsScanned": [
      "b052aa2d26"
    ],
    "labelNumVotesRemaining": [
      "168c16d8c5"
    ],
    "labelNumVotesUnused": [
      "9d6ec1f44e"
    ],
    "labelSelected": [
      "e05d4e1694"
    ],
    "labelSelectedOption": [
      "d534e3801d"
    ],
    "labelThemesContrastHighDark": [
      "9620ae0f39"
    ],
    "labelThemesContrastHighLight": [
      "567307233d"
    ],
    "labelThemesContrastLow": [
      "260ebe0882"
    ],
    "labelThemesContrastMedium": [
      "e623b5303d"
    ],
    "labelThemesSizeExtraLarge": [
      "e887c57030"
    ],
    "labelThemesSizeLarge": [
      "b315d1f207"
    ],
    "labelThemesSizeMedium": [
      "b479feeb97"
    ],
    "labelThemesSizeSmall": [
      "977f01fb67"
    ],
    "labelTotalContests": [
      "9af0b040ef"
    ],
    "labelWriteInCandidateName": [
      "f851c16c00"
    ],
    "labelWriteInParenthesized": [
      "54f1c92b29"
    ],
    "labelWriteInTitleCase": [
      "ff4f6e659b"
    ],
    "labelWriteInTitleCaseColon": [
      "78b1c4d6aa"
    ],
    "letterA": [
      "9d152e3ae0"
    ],
    "letterB": [
      "5263b251d5"
    ],
    "letterC": [
      "5249495b16"
    ],
    "letterD": [
      "9cad1a981c"
    ],
    "letterE": [
      "ddce30bf53"
    ],
    "letterF": [
      "748a5c9480"
    ],
    "letterG": [
      "b0b73ea17b"
    ],
    "letterH": [
      "778a53f644"
    ],
    "letterI": [
      "f353b20c6f"
    ],
    "letterJ": [
      "829f5ea7bf"
    ],
    "letterK": [
      "b1d666f2da"
    ],
    "letterL": [
      "4d5a04db18"
    ],
    "letterM": [
      "1f1db0030d"
    ],
    "letterN": [
      "0788b42570"
    ],
    "letterO": [
      "6270d93852"
    ],
    "letterP": [
      "eee01a3f95"
    ],
    "letterQ": [
      "abf5cfb09d"
    ],
    "letterR": [
      "38ede6121f"
    ],
    "letterS": [
      "7ea3593f2b"
    ],
    "letterT": [
      "f1b96821ed"
    ],
    "letterU": [
      "3f5a858d79"
    ],
    "letterV": [
      "a1215b37ba"
    ],
    "letterW": [
      "a3383c334e"
    ],
    "letterX": [
      "8900a7f25c"
    ],
    "letterY": [
      "990d33c436"
    ],
    "letterZ": [
      "c45c494111"
    ],
    "noteAskPollWorkerForHelp": [
      "bdac4bba27"
    ],
    "noteBallotContestNoSelection": [
      "5678e01d2a"
    ],
    "noteBmdBallotBoxIsFull": [
      "8320972a15"
    ],
    "noteBmdBallotSheetLoaded": [
      "51643f3d3e"
    ],
    "noteBmdCastingBallot": [
      "37b6ee761e"
    ],
    "noteBmdClearingBallot": [
      "c8d49ff02b"
    ],
    "noteBmdContestCompleted": [
      "542319994e"
    ],
    "noteBmdEitherNeitherNoSelection": [
      "1b463023b1"
    ],
    "noteBmdEitherNeitherSelectedEither": [
      "ad5f12182d"
    ],
    "noteBmdEitherNeitherSelectedEitherAndPreferred": [
      "53820fb7c6"
    ],
    "noteBmdEitherNeitherSelectedNeither": [
      "df5f282219"
    ],
    "noteBmdEitherNeitherSelectedNeitherAndPreferred": [
      "d4986479d8"
    ],
    "noteBmdEitherNeitherSelectedPreferred": [
      "7a027ef383"
    ],
    "noteBmdHardwareReset": [
      "ca2446bfc7"
    ],
    "noteBmdHardwareResetting": [
      "dbbf740d0d"
    ],
    "noteBmdInterpretationProblem": [
      "18bf3590ee"
    ],
    "noteBmdPatCalibrationIntroStep": [
      "dc07eedf08"
    ],
    "noteBmdPatCalibrationStep1": [
      "721d059e12"
    ],
    "noteBmdPatCalibrationStep2": [
      "fa87a2ed1b"
    ],
    "noteBmdPatCalibrationStep3": [
      "2e4a69decc"
    ],
    "noteBmdPrintedBallotReviewNextSteps": [
      "d70fc63fe9"
    ],
    "noteBmdReloadSheetAfterPaperJam": [
      "6c1966066e"
    ],
    "noteBmdScanningReinsertedBallot": [
      "a71683a5a1"
    ],
    "noteBmdSessionRestart": [
      "d8abd34950"
    ],
    "notePrinterDisconnected": [
      "7f0707eb28"
    ],
    "notePrinterHardwareError": [
      "da2816ac51"
    ],
    "noteScannerBlankContestsCardPlural": [
      "590df1e58a"
    ],
    "noteScannerBlankContestsCardSingular": [
      "e800083011"
    ],
    "noteScannerDisconnected": [
      "95356473df"
    ],
    "noteScannerOvervoteContestsCardPlural": [
      "c37317e029"
    ],
    "noteScannerOvervoteContestsCardSingular": [
      "e7cd2993c0"
    ],
    "noteScannerScanInProgress": [
      "c4346ef764"
    ],
    "noteScannerUndervoteContestsCardPlural": [
      "89ac722b2c"
    ],
    "noteScannerUndervoteContestsCardSingular": [
      "bfed354af2"
    ],
    "noteThankYouForVoting": [
      "066e744f7f"
    ],
    "noteVoterSettingsAudioMuted": [
      "ecf94aca53"
    ],
    "noteVoterSettingsAudioNoHeadphones": [
      "016a01e815"
    ],
    "noteVoterSettingsAudioUnmuted": [
      "83bee929dd"
    ],
    "number0": [
      "9f1a7e618a"
    ],
    "number1": [
      "87a8acba60"
    ],
    "number10": [
      "6dfd1494da"
    ],
    "number100": [
      "72861f5bf9"
    ],
    "number101": [
      "e134c06cfd"
    ],
    "number102": [
      "e2b067455c"
    ],
    "number103": [
      "105df6cefa"
    ],
    "number104": [
      "145f469689"
    ],
    "number105": [
      "b88b0f1c05"
    ],
    "number106": [
      "6f441e7169"
    ],
    "number107": [
      "f03d747788"
    ],
    "number108": [
      "fed8b674a3"
    ],
    "number109": [
      "495577f28d"
    ],
    "number11": [
      "3f17839119"
    ],
    "number110": [
      "1474f9859a"
    ],
    "number111": [
      "f487c13bb9"
    ],
    "number112": [
      "80928e356a"
    ],
    "number113": [
      "3cc433e8a9"
    ],
    "number114": [
      "675ea52317"
    ],
    "number115": [
      "71a992f7fd"
    ],
    "number116": [
      "6b8900432c"
    ],
    "number117": [
      "9d4aaca74a"
    ],
    "number118": [
      "97ac202aa0"
    ],
    "number119": [
      "e0dd4a518e"
    ],
    "number12": [
      "842dcbe12a"
    ],
    "number120": [
      "fa23d2842e"
    ],
    "number121": [
      "f7ad2b8f31"
    ],
    "number122": [
      "797e4209e7"
    ],
    "number123": [
      "ad36622d43"
    ],
    "number124": [
      "59cf38fb20"
    ],
    "number125": [
      "263793ab6a"
    ],
    "number126": [
      "3e0b0a96a0"
    ],
    "number127": [
      "3ba06ea015"
    ],
    "number128": [
      "e16825a794"
    ],
    "number129": [
      "58f8bb3a7c"
    ],
    "number13": [
      "5649f7f32a"
    ],
    "number130": [
      "27cfaf3091"
    ],
    "number131": [
      "acc5df8f5a"
    ],
    "number132": [
      "b6702a6548"
    ],
    "number133": [
      "444746620e"
    ],
    "number134": [
      "25ce41dfe8"
    ],
    "number135": [
      "1e026d9d4b"
    ],
    "number14": [
      "5b66af2afa"
    ],
    "number15": [
      "a5218109d5"
    ],
    "number16": [
      "79d6305c6a"
    ],
    "number17": [
      "716946e0e1"
    ],
    "number18": [
      "b657ac75b6"
    ],
    "number19": [
      "cdb7a4b907"
    ],
    "number2": [
      "3ccee03c0d"
    ],
    "number20": [
      "a05d7c6b18"
    ],
    "number21": [
      "ed965bc4bc"
    ],
    "number22": [
      "0ee2ac4c6a"
    ],
    "number23": [
      "12c8dc1226"
    ],
    "number24": [
      "5e9c9210b2"
    ],
    "number25": [
      "3816537e23"
    ],
    "number26": [
      "0c48e74896"
    ],
    "number27": [
      "019233efad"
    ],
    "number28": [
      "ffa6a3f041"
    ],
    "number29": [
      "f649ea5698"
    ],
    "number3": [
      "80a225da0a"
    ],
    "number30": [
      "303067d9be"
    ],
    "number31": [
      "2243ad21b1"
    ],
    "number32": [
      "12af9f7550"
    ],
    "number33": [
      "c31f6ef092"
    ],
    "number34": [
      "0e95518a16"
    ],
    "number35": [
      "e665680974"
    ],
    "number36": [
      "2a5053aded"
    ],
    "number37": [
      "5cf1065ed5"
    ],
    "number38": [
      "5d237b4d38"
    ],
    "number39": [
      "9e205b9d29"
    ],
    "number4": [
      "656d768fb5"
    ],
    "number40": [
      "385a2fd334"
    ],
    "number41": [
      "65277370fb"
    ],
    "number42": [
      "31a9de683b"
    ],
    "number43": [
      "c2eb5d6948"
    ],
    "number44": [
      "918fc360e2"
    ],
    "number45": [
      "183ee14a31"
    ],
    "number46": [
      "44ce54652b"
    ],
    "number47": [
      "3371cab699"
    ],
    "number48": [
      "d88f68842d"
    ],
    "number49": [
      "cd9fcf6994"
    ],
    "number5": [
      "f2eee65653"
    ],
    "number50": [
      "dc1b787950"
    ],
    "number51": [
      "7727b4facb"
    ],
    "number52": [
      "345fb96380"
    ],
    "number53": [
      "617c44af4e"
    ],
    "number54": [
      "342fbfa67f"
    ],
    "number55": [
      "576b5e9b6b"
    ],
    "number56": [
      "07833ab186"
    ],
    "number57": [
      "85884336aa"
    ],
    "number58": [
      "058cd5bd01"
    ],
    "number59": [
      "621e54bdeb"
    ],
    "number6": [
      "71237c693e"
    ],
    "number60": [
      "2d10ac5545"
    ],
    "number61": [
      "b984df7ceb"
    ],
    "number62": [
      "d366eb1d17"
    ],
    "number63": [
      "f9c1807742"
    ],
    "number64": [
      "a1a6cf8f89"
    ],
    "number65": [
      "486835cedd"
    ],
    "number66": [
      "b1ceacefa1"
    ],
    "number67": [
      "5aa10f9c19"
    ],
    "number68": [
      "a801661e52"
    ],
    "number69": [
      "43359f4bef"
    ],
    "number7": [
      "25bc4dec29"
    ],
    "number70": [
      "f029544f46"
    ],
    "number71": [
      "91d683b213"
    ],
    "number72": [
      "8a767e8b0c"
    ],
    "number73": [
      "cf4dec5826"
    ],
    "number74": [
      "e628b282cd"
    ],
    "number75": [
      "1e8a590cb1"
    ],
    "number76": [
      "7d223eb23d"
    ],
    "number77": [
      "ec216a4aaf"
    ],
    "number78": [
      "f306516c04"
    ],
    "number79": [
      "e43f9166ee"
    ],
    "number8": [
      "27ea76a7b0"
    ],
    "number80": [
      "e212ebfa8f"
    ],
    "number81": [
      "30393c2ebc"
    ],
    "number82": [
      "7844e056f7"
    ],
    "number83": [
      "171988f024"
    ],
    "number84": [
      "ed9a970f7d"
    ],
    "number85": [
      "4fa27b2c13"
    ],
    "number86": [
      "134e3a5cd1"
    ],
    "number87": [
      "f42107c3a4"
    ],
    "number88": [
      "e98b339b28"
    ],
    "number89": [
      "0fdba05635"
    ],
    "number9": [
      "24398b427e"
    ],
    "number90": [
      "220992e292"
    ],
    "number91": [
      "8b7706e019"
    ],
    "number92": [
      "36f7ee6265"
    ],
    "number93": [
      "6809595ce9"
    ],
    "number94": [
      "f08b67c4eb"
    ],
    "number95": [
      "30208785c1"
    ],
    "number96": [
      "d4b3c7c171"
    ],
    "number97": [
      "81fe40b43a"
    ],
    "number98": [
      "90379e057b"
    ],
    "number99": [
      "b0b56543a6"
    ],
    "promptBmdConfirmRemoveWriteIn": [
      "c35de4cc01"
    ],
    "promptBmdSoundDiagnosticScreen": [
      "95a6c93a1f"
    ],
    "titleAudioOnlyModeEnabled": [
      "a4675752d6"
    ],
    "titleBallotBoxFull": [
      "6d7e4bb2da"
    ],
    "titleBallotId": [
      "acc488b5a7"
    ],
    "titleBallotStyle": [
      "7851ddfb9c"
    ],
    "titleBallotSuccessfullyCastPage": [
      "a55e2fc628"
    ],
    "titleBmdAskForHelpScreen": [
      "2e98c350e3"
    ],
    "titleBmdBallotRemovedScreen": [
      "28a58772d1"
    ],
    "titleBmdCastBallotScreen": [
      "6554cd63a4"
    ],
    "titleBmdIdleScreen": [
      "72969c3f3c"
    ],
    "titleBmdInvalidBallotNoBallotDetected": [
      "9f7026f823"
    ],
    "titleBmdInvalidBallotWrongElection": [
      "dcdeae93e8"
    ],
    "titleBmdInvalidBallotWrongPrecinct": [
      "a389454ac8"
    ],
    "titleBmdInvalidBallotWrongTestMode": [
      "0769cb940b"
    ],
    "titleBmdJamClearedScreen": [
      "c091d46b72"
    ],
    "titleBmdJammedScreen": [
      "44407ce86a"
    ],
    "titleBmdLoadingReinsertedBallotScreen": [
      "2fddce43bb"
    ],
    "titleBmdPatCalibrationConfirmExitScreen": [
      "1155bcc608"
    ],
    "titleBmdPatCalibrationIdentificationPage": [
      "a89a37a4a4"
    ],
    "titleBmdPatCalibrationIdentifyMoveInput": [
      "845d882fa5"
    ],
    "titleBmdPatCalibrationIdentifySelectInput": [
      "dd3b7498f6"
    ],
    "titleBmdPatCalibrationIntroStep": [
      "3caef75656"
    ],
    "titleBmdPrintScreen": [
      "ba7e91e565"
    ],
    "titleBmdReadyToReview": [
      "5cbbfe20a1"
    ],
    "titleBmdReviewScreen": [
      "1513e21755"
    ],
    "titleInternalConnectionProblem": [
      "4be357901f"
    ],
    "titleLanguageSettingsScreen": [
      "fd18a7a4d9"
    ],
    "titleModalConfirmYourVotes": [
      "f72119bf6b"
    ],
    "titleNoPowerDetected": [
      "ffbcc64ac8"
    ],
    "titleOfficialBallot": [
      "d43fc31e43"
    ],
    "titlePrecinct": [
      "3b22feff58"
    ],
    "titlePrinterCoverIsOpen": [
      "359c014d9a"
    ],
    "titleRemoveYourBallot": [
      "491464e1b4"
    ],
    "titleScannerBallotNotCounted": [
      "48371078e5"
    ],
    "titleScannerBallotWarningsScreen": [
      "3b34c93a2f"
    ],
    "titleScannerCoverIsOpen": [
      "67a061858f"
    ],
    "titleScannerCvrSyncRequired": [
      "e310116f33"
    ],
    "titleScannerInsertBallotScreen": [
      "b6e76a7858"
    ],
    "titleScannerNoVotesWarning": [
      "e421b4aebe"
    ],
    "titleScannerOutfeedBlocked": [
      "ff5f4b61e1"
    ],
    "titleScannerOvervoteWarning": [
      "c5dd669a2b"
    ],
    "titleScannerProcessingScreen": [
      "c1599d7563"
    ],
    "titleScannerSuccessScreen": [
      "c29ef1e895"
    ],
    "titleScannerUndervoteWarning": [
      "7b27953ff9"
    ],
    "titleScanningFailed": [
      "a388bc2c2f"
    ],
    "titleUnofficialTestBallot": [
      "4488ebf5e0"
    ],
    "titleVoterSettings": [
      "a97be1e1bf"
    ],
    "titleVoterSettingsAudio": [
      "d237e6b238"
    ],
    "titleVoterSettingsColor": [
      "6831b68158"
    ],
    "titleVoterSettingsSize": [
      "d22f3f4679"
    ],
    "unrecoverableError": [
      "cadd463c0e"
    ],
    "warningBmdBallotRemoved": [
      "9ae60ed4b5"
    ],
    "warningBmdInactiveSession": [
      "663614b69f"
    ],
    "warningBmdInactiveTimeRemaining": [
      "c0103578ce"
    ],
    "warningBmdInvalidBallotLiveBallotInTestMode": [
      "bdae4b4fc6"
    ],
    "warningBmdInvalidBallotNoBallotDetected": [
      "33dc6b2d3a"
    ],
    "warningBmdInvalidBallotTestBallotInLiveMode": [
      "38cf8bfc6f"
    ],
    "warningBmdInvalidBallotWrongElection": [
      "41cb88986b"
    ],
    "warningBmdInvalidBallotWrongPrecinct": [
      "15ef55f3db"
    ],
    "warningCvrsNeedSync": [
      "0d88092f62"
    ],
    "warningNoPower": [
      "d9394c4f79"
    ],
    "warningNoVotesForContest": [
      "97618ad03b"
    ],
    "warningOvervoteCandidateContest": [
      "141d0b8154"
    ],
    "warningOvervoteYesNoContest": [
      "73f9b93252"
    ],
    "warningProblemScanningBallot": [
      "ad8ef0bfa6"
    ],
    "warningProblemScanningBallotScanAgain": [
      "fe20f5570f"
    ],
    "warningScannerAnotherScanInProgress": [
      "2a0fb35196"
    ],
    "warningScannerBlankBallotSubmission": [
      "04ec861635"
    ],
    "warningScannerJammed": [
      "e94a260066"
    ],
    "warningScannerMismatchedElection": [
      "6bb26c0b42"
    ],
    "warningScannerMismatchedPrecinct": [
      "71baa2b2f8"
    ],
    "warningScannerMultipleSheetsDetected": [
      "cb7bd92499"
    ],
    "warningScannerNoVotesFound": [
      "833f341cb8"
    ],
    "warningScannerOfficialBallotInTestMode": [
      "228c387156"
    ],
    "warningScannerTestBallotInOfficialMode": [
      "5ab4c6f412"
    ],
    "warningScannerVerticalStreaksDetected": [
      "34b026db47"
    ],
    "ballotStyleId": {
      "1": [
        "87a8acba60"
      ]
    },
    "candidateName": {
      "sherlock-holmes": [
        "b5ed9420a0"
      ],
      "thomas-edison": [
        "5d990b1bd5"
      ],
      "winston-churchill": [
        "9e43842a9e"
      ],
      "oprah-winfrey": [
        "8ce5dfa1ba"
      ],
      "louis-armstrong": [
        "8357bc3ae5"
      ],
      "john-snow": [
        "c0cae9a60d"
      ],
      "mark-twain": [
        "dd536238fa"
      ],
      "benjamin-franklin": [
        "73ed87284c"
      ],
      "robert-downey-jr": [
        "35dc526f76"
      ],
      "bill-nye": [
        "896037bb67"
      ],
      "natalie-portman": [
        "4f499c4cd0"
      ],
      "frank-sinatra": [
        "def3dc8e2a"
      ],
      "andy-warhol": [
        "2d87ae57b5"
      ],
      "alfred-hitchcock": [
        "755bc5bee3"
      ],
      "charles-darwin": [
        "25bf3d24d1"
      ],
      "stephen-hawking": [
        "5a18934900"
      ],
      "johan-sebastian-bach": [
        "f5de1bb939"
      ],
      "alexander-graham-bell": [
        "27363153a6"
      ],
      "helen-keller": [
        "026b62d692"
      ],
      "steve-jobs": [
        "6b285bae09"
      ],
      "nikola-tesla": [
        "b9b45f00aa"
      ],
      "vincent-van-gogh": [
        "3a6653e6e8"
      ],
      "pablo-picasso": [
        "f779176881"
      ],
      "wolfgang-amadeus-mozart": [
        "55ee162753"
      ],
      "marie-curie": [
        "01bf7c2e7b"
      ],
      "indiana-jones": [
        "f5fee3b2c9"
      ],
      "mona-lisa": [
        "8f63e53c12"
      ],
      "jackie-chan": [
        "a69ced150d"
      ],
      "tim-allen": [
        "31cb136300"
      ],
      "mark-antony": [
        "37f2e58b2e"
      ],
      "harriet-tubman": [
        "ae8b92b723"
      ],
      "martin-luther-king": [
        "167e10020a"
      ],
      "marilyn-monroe": [
        "3e5a6a4ceb"
      ]
    },
    "contestTitle": {
      "mayor": [
        "2553877c3b"
      ],
      "controller": [
        "4cb9498b46"
      ],
      "attorney": [
        "fcef6835db"
      ],
      "public-works-director": [
        "811ddb80e9"
      ],
      "chief-of-police": [
        "c21081a583"
      ],
      "parks-and-recreation-director": [
        "e3cf4c96b0"
      ],
      "board-of-alderman": [
        "d11648931e"
      ],
      "city-council": [
        "43c7e5c6fe"
      ]
    },
    "countyName": [
      "9382e33cad"
    ],
    "districtName": {
      "district-1": [
        "c3266cdb79"
      ]
    },
    "electionTitle": [
      "a86268b0d3"
    ],
    "partyFullName": {
      "0": [
        "747a2fd560"
      ],
      "1": [
        "ed299c8707"
      ],
      "2": [
        "7e05362d6d"
      ],
      "3": [
        "ae6148d841"
      ]
    },
    "partyName": {
      "0": [
        "fbfae8baad"
      ],
      "1": [
        "f8fd50032f"
      ],
      "2": [
        "c8a36f61d0"
      ],
      "3": [
        "8f28f5f928"
      ]
    },
    "precinctName": {
      "20": [
        "0b66256bc3"
      ],
      "21": [
        "a876ec1a27"
      ],
      "22": [
        "41f193de9d"
      ],
      "23": [
        "5b30879841"
      ]
    },
    "stateName": [
      "15468d21f3"
    ],
    "ballotLanguage": [
      "8f01b0eff9"
    ],
    "electionDate": [
      "7c15b0304c"
    ]
  }
}