{
  "ballotLayout": {
    "paperSize": "letter",
    "metadataEncoding": "qr-code"
  },
  "ballotStrings": {
    "en": {
      "ballotStyleId": {
        "1": "1"
      },
      "candidateName": {
        "sherlock-holmes": "Sherlock Holmes",
        "thomas-edison": "Thomas Edison",
        "winston-churchill": "Winston Churchill",
        "oprah-winfrey": "Oprah Winfrey",
        "louis-armstrong": "Louis Armstrong",
        "john-snow": "John Snow",
        "mark-twain": "Mark Twain",
        "benjamin-franklin": "Benjamin Franklin",
        "robert-downey-jr": "Robert Downey Jr.",
        "bill-nye": "Bill Nye",
        "natalie-portman": "Natalie Portman",
        "frank-sinatra": "Frank Sinatra",
        "andy-warhol": "Andy Warhol",
        "alfred-hitchcock": "Alfred Hitchcock",
        "charles-darwin": "Charles Darwin",
        "stephen-hawking": "Stephen Hawking",
        "johan-sebastian-bach": "Johann Sebastian Bach",
        "alexander-graham-bell": "Alexander Graham Bell",
        "helen-keller": "Helen Keller",
        "steve-jobs": "Steve Jobs",
        "nikola-tesla": "Nikola Tesla",
        "vincent-van-gogh": "Vincent Van Gogh",
        "pablo-picasso": "Pablo Picasso",
        "wolfgang-amadeus-mozart": "Wolfgang Amadeus Mozart",
        "marie-curie": "Marie Curie",
        "indiana-jones": "Indiana Jones",
        "mona-lisa": "Mona Lisa",
        "jackie-chan": "Jackie Chan",
        "tim-allen": "Tim Allen",
        "mark-antony": "Mark Antony",
        "harriet-tubman": "Harriet Tubman",
        "martin-luther-king": "Dr. Martin Luther King Jr.",
        "marilyn-monroe": "Marilyn Monroe"
      },
      "contestTitle": {
        "mayor": "Mayor",
        "controller": "Controller",
        "attorney": "Attorney",
        "public-works-director": "Public Works Director",
        "chief-of-police": "Chief of Police",
        "parks-and-recreation-director": "Parks and Recreation Director",
        "board-of-alderman": "Board of Alderman",
        "city-council": "City Council"
      },
      "countyName": "Franklin County",
      "districtName": {
        "district-1": "City of Lincoln"
      },
      "electionTitle": "Lincoln Municipal General Election",
      "partyFullName": {
        "0": "Democratic Party",
        "1": "Republican Party",
        "2": "Liberty Party",
        "3": "Green Party"
      },
      "partyName": {
        "0": "Democrat",
        "1": "Republican",
        "2": "Liberty",
        "3": "Green"
      },
      "precinctName": {
        "20": "West Lincoln",
        "21": "East Lincoln",
        "22": "South Lincoln",
        "23": "North Lincoln"
      },
      "stateName": "State of Hamilton",
      "ballotLanguage": "English",
      "electionDate": "June 6, 2021",
      "hmpbContinueVotingOnBack": "Turn ballot over and continue voting",
      "hmpbContinueVotingOnNextSheet": "Continue voting on next ballot sheet",
      "hmpbInstructions": "Instructions",
      "hmpbInstructionsToVoteText": "To vote, completely fill in the oval next to your choice.",
      "hmpbInstructionsToVoteTitle": "To Vote:",
      "hmpbInstructionsWriteInText": "To vote for a person whose name is not on the ballot, write the person’s name on the \"Write-in\" line and completely fill in the oval next to the line.",
      "hmpbInstructionsWriteInTitle": "To Vote for a Write-in:",
      "hmpbOfficialAbsenteeBallot": "Official Absentee Ballot",
      "hmpbOfficialBallot": "Official Ballot",
      "hmpbOfficialProvisionalBallot": "Official Provisional Ballot",
      "hmpbPage": "Page",
      "hmpbPageIntentionallyBlank": "This page intentionally left blank",
      "hmpbSampleAbsenteeBallot": "Sample Absentee Ballot",
      "hmpbSampleBallot": "Sample Ballot",
      "hmpbSampleProvisionalBallot": "Sample Provisional Ballot",
      "hmpbTestAbsenteeBallot": "Test Absentee Ballot",
      "hmpbTestBallot": "Test Ballot",
      "hmpbTestProvisionalBallot": "Test Provisional Ballot",
      "hmpbVoteFor1": "Vote for 1",
      "hmpbVoteFor10": "Vote for up to 10",
      "hmpbVoteFor2": "Vote for up to 2",
      "hmpbVoteFor3": "Vote for up to 3",
      "hmpbVoteFor4": "Vote for up to 4",
      "hmpbVoteFor5": "Vote for up to 5",
      "hmpbVoteFor6": "Vote for up to 6",
      "hmpbVoteFor7": "Vote for up to 7",
      "hmpbVoteFor8": "Vote for up to 8",
      "hmpbVoteFor9": "Vote for up to 9",
      "hmpbVotingComplete": "You have completed voting.",
      "hmpbWriteIn": "Write-in"
    }
  },
  "ballotStyles": [
    {
      "id": "1",
      "groupId": "1",
      "precincts": [
        "20",
        "21",
        "22",
        "23"
      ],
      "districts": [
        "district-1"
      ]
    }
  ],
  "contests": [
    {
      "id": "mayor",
      "districtId": "district-1",
      "title": "Mayor",
      "type": "candidate",
      "seats": 1,
      "candidates": [
        {
          "id": "sherlock-holmes",
          "name": "Sherlock Holmes",
          "partyIds": [
            "0"
          ]
        },
        {
          "id": "thomas-edison",
          "name": "Thomas Edison",
          "partyIds": [
            "1"
          ]
        }
      ],
      "allowWriteIns": true
    },
    {
      "id": "controller",
      "districtId": "district-1",
      "title": "Controller",
      "type": "candidate",
      "seats": 1,
      "candidates": [
        {
          "id": "winston-churchill",
          "name": "Winston Churchill",
          "partyIds": [
            "0"
          ]
        },
        {
          "id": "oprah-winfrey",
          "name": "Oprah Winfrey",
          "partyIds": [
            "1"
          ]
        },
        {
          "id": "louis-armstrong",
          "name": "Louis Armstrong",
          "partyIds": [
            "3"
          ]
        }
      ],
      "allowWriteIns": true
    },
    {
      "id": "attorney",
      "districtId": "district-1",
      "title": "Attorney",
      "type": "candidate",
      "seats": 1,
      "candidates": [
        {
          "id": "john-snow",
          "name": "John Snow",
          "partyIds": [
            "1"
          ]
        },
        {
          "id": "mark-twain",
          "name": "Mark Twain",
          "partyIds": [
            "3"
          ]
        }
      ],
      "allowWriteIns": true
    },
    {
      "id": "public-works-director",
      "districtId": "district-1",
      "title": "Public Works Director",
      "type": "candidate",
      "seats": 1,
      "candidates": [
        {
          "id": "benjamin-franklin",
          "name": "Benjamin Franklin",
          "partyIds": [
            "0"
          ]
        },
        {
          "id": "robert-downey-jr",
          "name": "Robert Downey Jr.",
          "partyIds": [
            "1"
          ]
        },
        {
          "id": "bill-nye",
          "name": "Bill Nye",
          "partyIds": [
            "3"
          ]
        }
      ],
      "allowWriteIns": true
    },
    {
      "id": "chief-of-police",
      "districtId": "district-1",
      "title": "Chief of Police",
      "type": "candidate",
      "seats": 1,
      "candidates": [
        {
          "id": "natalie-portman",
          "name": "Natalie Portman",
          "partyIds": [
            "0"
          ]
        },
        {
          "id": "frank-sinatra",
          "name": "Frank Sinatra",
          "partyIds": [
            "1"
          ]
        },
        {
          "id": "andy-warhol",
          "name": "Andy Warhol",
          "partyIds": [
            "3"
          ]
        },
        {
          "id": "alfred-hitchcock",
          "name": "Alfred Hitchcock",
          "partyIds": [
            "3"
          ]
        }
      ],
      "allowWriteIns": true
    },
    {
      "id": "parks-and-recreation-director",
      "districtId": "district-1",
      "title": "Parks and Recreation Director",
      "type": "candidate",
      "seats": 1,
      "candidates": [
        {
          "id": "charles-darwin",
          "name": "Charles Darwin",
          "partyIds": [
            "0"
          ]
        },
        {
          "id": "stephen-hawking",
          "name": "Stephen Hawking",
          "partyIds": [
            "1"
          ]
        },
        {
          "id": "johan-sebastian-bach",
          "name": "Johann Sebastian Bach",
          "partyIds": [
            "0"
          ]
        },
        {
          "id": "alexander-graham-bell",
          "name": "Alexander Graham Bell",
          "partyIds": [
            "1"
          ]
        }
      ],
      "allowWriteIns": true
    },
    {
      "id": "board-of-alderman",
      "districtId": "district-1",
      "title": "Board of Alderman",
      "type": "candidate",
      "seats": 4,
      "candidates": [
        {
          "id": "helen-keller",
          "name": "Helen Keller",
          "partyIds": [
            "0"
          ]
        },
        {
          "id": "steve-jobs",
          "name": "Steve Jobs",
          "partyIds": [
            "1"
          ]
        },
        {
          "id": "nikola-tesla",
          "name": "Nikola Tesla",
          "partyIds": [
            "0"
          ]
        },
        {
          "id": "vincent-van-gogh",
          "name": "Vincent Van Gogh",
          "partyIds": [
            "1"
          ]
        },
        {
          "id": "pablo-picasso",
          "name": "Pablo Picasso",
          "partyIds": [
            "1"
          ]
        },
        {
          "id": "wolfgang-amadeus-mozart",
          "name": "Wolfgang Amadeus Mozart",
          "partyIds": [
            "2"
          ]
        }
      ],
      "allowWriteIns": true
    },
    {
      "id": "city-council",
      "districtId": "district-1",
      "title": "City Council",
      "type": "candidate",
      "seats": 4,
      "candidates": [
        {
          "id": "marie-curie",
          "name": "Marie Curie",
          "partyIds": [
            "0"
          ]
        },
        {
          "id": "indiana-jones",
          "name": "Indiana Jones",
          "partyIds": [
            "1"
          ]
        },
        {
          "id": "mona-lisa",
          "name": "Mona Lisa",
          "partyIds": [
            "3"
          ]
        },
        {
          "id": "jackie-chan",
          "name": "Jackie Chan",
          "partyIds": [
            "3"
          ]
        },
        {
          "id": "tim-allen",
          "name": "Tim Allen",
          "partyIds": [
            "2"
          ]
        },
        {
          "id": "mark-antony",
          "name": "Mark Antony",
          "partyIds": [
            "0"
          ]
        },
        {
          "id": "harriet-tubman",
          "name": "Harriet Tubman",
          "partyIds": [
            "1"
          ]
        },
        {
          "id": "martin-luther-king",
          "name": "Dr. Martin Luther King Jr.",
          "partyIds": [
            "0"
          ]
        },
        {
          "id": "marilyn-monroe",
          "name": "Marilyn Monroe",
          "partyIds": [
            "1"
          ]
        }
      ],
      "allowWriteIns": true
    }
  ],
  "gridLayouts": [
    {
      "ballotStyleId": "1",
      "optionBoundsFromTargetMark": {
        "top": 0.9976669941060904,
        "right": 9.194475274386484,
        "bottom": 1.1529960707269156,
        "left": 0.7637193242076705
      },
      "gridPositions": [
        {
          "type": "option",
          "sheetNumber": 1,
          "side": "front",
          "column": 1.7187076088296955,
          "row": 13.404346758349705,
          "contestId": "mayor",
          "optionId": "sherlock-holmes"
        },
        {
          "type": "option",
          "sheetNumber": 1,
          "side": "front",
          "column": 1.7187076088296955,
          "row": 15.423010805500983,
          "contestId": "mayor",
          "optionId": "thomas-edison"
        },
        {
          "type": "write-in",
          "sheetNumber": 1,
          "side": "front",
          "column": 1.7187076088296955,
          "row": 17.787328094302556,
          "contestId": "mayor",
          "writeInIndex": 0,
          "writeInArea": {
            "x": 2.6187076088296957,
            "y": 16.987328094302555,
            "width": 7.799999999999999,
            "height": 1
          }
        },
        {
          "type": "option",
          "sheetNumber": 1,
          "side": "front",
          "column": 1.7187076088296955,
          "row": 22.393786836935167,
          "contestId": "controller",
          "optionId": "winston-churchill"
        },
        {
          "type": "option",
          "sheetNumber": 1,
          "side": "front",
          "column": 1.7187076088296955,
          "row": 24.412450884086443,
          "contestId": "controller",
          "optionId": "oprah-winfrey"
        },
        {
          "type": "option",
          "sheetNumber": 1,
          "side": "front",
          "column": 1.7187076088296955,
          "row": 26.431114931237722,
          "contestId": "controller",
          "optionId": "louis-armstrong"
        },
        {
          "type": "write-in",
          "sheetNumber": 1,
          "side": "front",
          "column": 1.7187076088296955,
          "row": 28.795432220039295,
          "contestId": "controller",
          "writeInIndex": 0,
          "writeInArea": {
            "x": 2.6187076088296957,
            "y": 27.995432220039294,
            "width": 7.799999999999999,
            "height": 1
          }
        },
        {
          "type": "option",
          "sheetNumber": 1,
          "side": "front",
          "column": 12.284622024910593,
          "row": 13.404346758349705,
          "contestId": "attorney",
          "optionId": "john-snow"
        },
        {
          "type": "option",
          "sheetNumber": 1,
          "side": "front",
          "column": 12.284622024910593,
          "row": 15.423010805500983,
          "contestId": "attorney",
          "optionId": "mark-twain"
        },
        {
          "type": "write-in",
          "sheetNumber": 1,
          "side": "front",
          "column": 12.284622024910593,
          "row": 17.787328094302556,
          "contestId": "attorney",
          "writeInIndex": 0,
          "writeInArea": {
            "x": 13.184622024910594,
            "y": 16.987328094302555,
            "width": 7.799999999999999,
            "height": 1
          }
        },
        {
          "type": "option",
          "sheetNumber": 1,
          "side": "front",
          "column": 12.284622024910593,
          "row": 22.393786836935167,
          "contestId": "public-works-director",
          "optionId": "benjamin-franklin"
        },
        {
          "type": "option",
          "sheetNumber": 1,
          "side": "front",
          "column": 12.284622024910593,
          "row": 24.412450884086443,
          "contestId": "public-works-director",
          "optionId": "robert-downey-jr"
        },
        {
          "type": "option",
          "sheetNumber": 1,
          "side": "front",
          "column": 12.284622024910593,
          "row": 26.431114931237722,
          "contestId": "public-works-director",
          "optionId": "bill-nye"
        },
        {
          "type": "write-in",
          "sheetNumber": 1,
          "side": "front",
          "column": 12.284622024910593,
          "row": 28.795432220039295,
          "contestId": "public-works-director",
          "writeInIndex": 0,
          "writeInArea": {
            "x": 13.184622024910594,
            "y": 27.995432220039294,
            "width": 7.799999999999999,
            "height": 1
          }
        },
        {
          "type": "option",
          "sheetNumber": 1,
          "side": "front",
          "column": 22.850536440991494,
          "row": 13.404346758349705,
          "contestId": "chief-of-police",
          "optionId": "natalie-portman"
        },
        {
          "type": "option",
          "sheetNumber": 1,
          "side": "front",
          "column": 22.850536440991494,
          "row": 15.423010805500983,
          "contestId": "chief-of-police",
          "optionId": "frank-sinatra"
        },
        {
          "type": "option",
          "sheetNumber": 1,
          "side": "front",
          "column": 22.850536440991494,
          "row": 17.44167485265226,
          "contestId": "chief-of-police",
          "optionId": "andy-warhol"
        },
        {
          "type": "option",
          "sheetNumber": 1,
          "side": "front",
          "column": 22.850536440991494,
          "row": 19.46033889980354,
          "contestId": "chief-of-police",
          "optionId": "alfred-hitchcock"
        },
        {
          "type": "write-in",
          "sheetNumber": 1,
          "side": "front",
          "column": 22.850536440991494,
          "row": 21.824656188605108,
          "contestId": "chief-of-police",
          "writeInIndex": 0,
          "writeInArea": {
            "x": 23.750536440991493,
            "y": 21.024656188605107,
            "width": 7.799999999999999,
            "height": 1
          }
        },
        {
          "type": "option",
          "sheetNumber": 1,
          "side": "back",
          "column": 1.7187076088296955,
          "row": 4.361493123772102,
          "contestId": "parks-and-recreation-director",
          "optionId": "charles-darwin"
        },
        {
          "type": "option",
          "sheetNumber": 1,
          "side": "back",
          "column": 1.7187076088296955,
          "row": 6.380157170923379,
          "contestId": "parks-and-recreation-director",
          "optionId": "stephen-hawking"
        },
        {
          "type": "option",
          "sheetNumber": 1,
          "side": "back",
          "column": 1.7187076088296955,
          "row": 8.398821218074657,
          "contestId": "parks-and-recreation-director",
          "optionId": "johan-sebastian-bach"
        },
        {
          "type": "option",
          "sheetNumber": 1,
          "side": "back",
          "column": 1.7187076088296955,
          "row": 10.417485265225933,
          "contestId": "parks-and-recreation-director",
          "optionId": "alexander-graham-bell"
        },
        {
          "type": "write-in",
          "sheetNumber": 1,
          "side": "back",
          "column": 1.7187076088296955,
          "row": 12.781802554027506,
          "contestId": "parks-and-recreation-director",
          "writeInIndex": 0,
          "writeInArea": {
            "x": 2.6187076088296957,
            "y": 11.981802554027505,
            "width": 7.799999999999999,
            "height": 1
          }
        },
        {
          "type": "option",
          "sheetNumber": 1,
          "side": "back",
          "column": 12.284622024910593,
          "row": 3.532048133595285,
          "contestId": "board-of-alderman",
          "optionId": "helen-keller"
        },
        {
          "type": "option",
          "sheetNumber": 1,
          "side": "back",
          "column": 12.284622024910593,
          "row": 5.5507121807465625,
          "contestId": "board-of-alderman",
          "optionId": "steve-jobs"
        },
        {
          "type": "option",
          "sheetNumber": 1,
          "side": "back",
          "column": 12.284622024910593,
          "row": 7.569376227897839,
          "contestId": "board-of-alderman",
          "optionId": "nikola-tesla"
        },
        {
          "type": "option",
          "sheetNumber": 1,
          "side": "back",
          "column": 12.284622024910593,
          "row": 9.588040275049115,
          "contestId": "board-of-alderman",
          "optionId": "vincent-van-gogh"
        },
        {
          "type": "option",
          "sheetNumber": 1,
          "side": "back",
          "column": 12.284622024910593,
          "row": 11.606704322200393,
          "contestId": "board-of-alderman",
          "optionId": "pablo-picasso"
        },
        {
          "type": "option",
          "sheetNumber": 1,
          "side": "back",
          "column": 12.284622024910593,
          "row": 13.625368369351671,
          "contestId": "board-of-alderman",
          "optionId": "wolfgang-amadeus-mozart"
        },
        {
          "type": "write-in",
          "sheetNumber": 1,
          "side": "back",
          "column": 12.284622024910593,
          "row": 16.743614931237722,
          "contestId": "board-of-alderman",
          "writeInIndex": 0,
          "writeInArea": {
            "x": 13.184622024910594,
            "y": 15.943614931237722,
            "width": 7.799999999999999,
            "height": 1
          }
        },
        {
          "type": "write-in",
          "sheetNumber": 1,
          "side": "back",
          "column": 12.284622024910593,
          "row": 18.894277996070727,
          "contestId": "board-of-alderman",
          "writeInIndex": 1,
          "writeInArea": {
            "x": 13.184622024910594,
            "y": 18.094277996070726,
            "width": 7.799999999999999,
            "height": 1
          }
        },
        {
          "type": "write-in",
          "sheetNumber": 1,
          "side": "back",
          "column": 12.284622024910593,
          "row": 21.044941060903735,
          "contestId": "board-of-alderman",
          "writeInIndex": 2,
          "writeInArea": {
            "x": 13.184622024910594,
            "y": 20.244941060903734,
            "width": 7.799999999999999,
            "height": 1
          }
        },
        {
          "type": "write-in",
          "sheetNumber": 1,
          "side": "back",
          "column": 12.284622024910593,
          "row": 23.19560412573674,
          "contestId": "board-of-alderman",
          "writeInIndex": 3,
          "writeInArea": {
            "x": 13.184622024910594,
            "y": 22.39560412573674,
            "width": 7.799999999999999,
            "height": 1
          }
        },
        {
          "type": "option",
          "sheetNumber": 1,
          "side": "back",
          "column": 22.850536440991494,
          "row": 3.532048133595285,
          "contestId": "city-council",
          "optionId": "marie-curie"
        },
        {
          "type": "option",
          "sheetNumber": 1,
          "side": "back",
          "column": 22.850536440991494,
          "row": 5.5507121807465625,
          "contestId": "city-council",
          "optionId": "indiana-jones"
        },
        {
          "type": "option",
          "sheetNumber": 1,
          "side": "back",
          "column": 22.850536440991494,
          "row": 7.569376227897839,
          "contestId": "city-council",
          "optionId": "mona-lisa"
        },
        {
          "type": "option",
          "sheetNumber": 1,
          "side": "back",
          "column": 22.850536440991494,
          "row": 9.588040275049115,
          "contestId": "city-council",
          "optionId": "jackie-chan"
        },
        {
          "type": "option",
          "sheetNumber": 1,
          "side": "back",
          "column": 22.850536440991494,
          "row": 11.606704322200393,
          "contestId": "city-council",
          "optionId": "tim-allen"
        },
        {
          "type": "option",
          "sheetNumber": 1,
          "side": "back",
          "column": 22.850536440991494,
          "row": 13.625368369351671,
          "contestId": "city-council",
          "optionId": "mark-antony"
        },
        {
          "type": "option",
          "sheetNumber": 1,
          "side": "back",
          "column": 22.850536440991494,
          "row": 15.644032416502947,
          "contestId": "city-council",
          "optionId": "harriet-tubman"
        },
        {
          "type": "option",
          "sheetNumber": 1,
          "side": "back",
          "column": 22.850536440991494,
          "row": 17.662696463654225,
          "contestId": "city-council",
          "optionId": "martin-luther-king"
        },
        {
          "type": "option",
          "sheetNumber": 1,
          "side": "back",
          "column": 22.850536440991494,
          "row": 19.6813605108055,
          "contestId": "city-council",
          "optionId": "marilyn-monroe"
        },
        {
          "type": "write-in",
          "sheetNumber": 1,
          "side": "back",
          "column": 22.850536440991494,
          "row": 22.045677799607073,
          "contestId": "city-council",
          "writeInIndex": 0,
          "writeInArea": {
            "x": 23.750536440991493,
            "y": 21.245677799607073,
            "width": 7.799999999999999,
            "height": 1
          }
        },
        {
          "type": "write-in",
          "sheetNumber": 1,
          "side": "back",
          "column": 22.850536440991494,
          "row": 24.196340864440078,
          "contestId": "city-council",
          "writeInIndex": 1,
          "writeInArea": {
            "x": 23.750536440991493,
            "y": 23.396340864440077,
            "width": 7.799999999999999,
            "height": 1
          }
        },
        {
          "type": "write-in",
          "sheetNumber": 1,
          "side": "back",
          "column": 22.850536440991494,
          "row": 26.347003929273086,
          "contestId": "city-council",
          "writeInIndex": 2,
          "writeInArea": {
            "x": 23.750536440991493,
            "y": 25.547003929273085,
            "width": 7.799999999999999,
            "height": 1
          }
        },
        {
          "type": "write-in",
          "sheetNumber": 1,
          "side": "back",
          "column": 22.850536440991494,
          "row": 28.49766699410609,
          "contestId": "city-council",
          "writeInIndex": 3,
          "writeInArea": {
            "x": 23.750536440991493,
            "y": 27.69766699410609,
            "width": 7.799999999999999,
            "height": 1
          }
        }
      ]
    }
  ],
  "county": {
    "id": "franklin",
    "name": "Franklin County"
  },
  "date": "2021-06-06",
  "districts": [
    {
      "id": "district-1",
      "name": "City of Lincoln"
    }
  ],
  "id": "election-famous-names",
  "parties": [
    {
      "id": "0",
      "name": "Democrat",
      "fullName": "Democratic Party",
      "abbrev": "D"
    },
    {
      "id": "1",
      "name": "Republican",
      "fullName": "Republican Party",
      "abbrev": "R"
    },
    {
      "id": "2",
      "name": "Liberty",
      "fullName": "Liberty Party",
      "abbrev": "Li"
    },
    {
      "id": "3",
      "name": "Green",
      "fullName": "Green Party",
      "abbrev": "G"
    }
  ],
  "precincts": [
    {
      "id": "23",
      "name": "North Lincoln"
    },
    {
      "id": "22",
      "name": "South Lincoln"
    },
    {
      "id": "21",
      "name": "East Lincoln"
    },
    {
      "id": "20",
      "name": "West Lincoln"
    }
  ],
  "seal": "<svg xmlns=\"http://www.w3.org/2000/svg\" viewBox=\"0 0 512 512\">\n  <!-- Designer: Beau Smith, VotingWorks https://voting.works -->\n  <path d=\"M256 8.8c33.4 0 65.8 6.5 96.2 19.4 29.4 12.5 55.9 30.3 78.6 53 22.7 22.7 40.5 49.1 53 78.6 12.9 30.5 19.4 62.8 19.4 96.2s-6.5 65.8-19.4 96.2c-12.5 29.4-30.3 55.9-53 78.6-22.7 22.7-49.1 40.5-78.6 53-30.5 12.9-62.8 19.4-96.2 19.4s-65.8-6.5-96.2-19.4c-29.4-12.5-55.9-30.3-78.6-53-22.7-22.7-40.5-49.1-53-78.6C15.3 321.8 8.8 289.4 8.8 256s6.5-65.8 19.4-96.2c12.5-29.4 30.3-55.9 53-78.6s49.1-40.5 78.6-53C190.2 15.3 222.6 8.8 256 8.8m0-8.8C114.6 0 0 114.6 0 256s114.6 256 256 256 256-114.6 256-256S397.4 0 256 0z\"/>\n  <path d=\"M383.1 351.5c-.3.1-.6.1-.8.2-4.4 5.7-9.1 11.2-14.3 16.4-29.9 29.9-69.7 46.4-112 46.4-33.5 0-65.5-10.4-92.2-29.6-1 .1-2.1.1-3.1.2-3.4.2-6.9.4-10.4.5 28.8 23.5 65.6 37.7 105.7 37.7 58.5 0 110.1-30.1 139.9-75.7-4.2 1.5-8.5 2.8-12.8 3.9zM453.9 242.4c-2.8-1.5-5.5-2.9-8.3-4.4-3.2-1.7-6.5-2.5-10.1-2.5-.6 0-1.2 0-1.7-.1-1.1-.2-1.5-1-.8-1.9.5-.7 1.2-1.4 1.9-2 3.5-2.7 7.5-3.7 11.8-3.6 3.2.1 6.2.8 9.2 1.9.4.1.7.3 1 .4.4-2.5.7-5 1.3-7.4.8-3.3 2.4-6.3 4.7-8.8.5-.5 1.3-.8 1.9-1.2.3.7.8 1.4.8 2.2.2 5.4 1.5 10.6 3.2 15.7.3.8.7 1.1 1.5 1 7-.7 14-1.3 20.8-3.2.4-.1.9-.2 1.4-.2 1.4 0 1.8.6 1.2 1.8-.3.6-.7 1.3-1.3 1.7-3.6 2.9-7.2 5.8-10.9 8.5-1.9 1.4-4.1 2.3-6.6 2.7.7.9 1.3 1.6 1.9 2.4 3.3 4.3 6 8.9 7.1 14.3.4 1.7.2 3.5.1 5.3 0 .5-.6 1.3-1.1 1.4-.5.1-1.1-.4-1.6-.8-.4-.3-.6-.8-.9-1.2-2.4-4.2-5.8-7.3-10.1-9.5-2.1-1.1-4.3-2.3-6.5-3.5-.8.9-1.6 2-2.4 2.9-4 4.5-8.6 8.1-14.4 9.9-1.2.4-2.4.5-3.7.6-1.4 0-1.8-.8-1.2-2.1.2-.5.5-1 .9-1.3 2.6-2.6 4.2-5.9 5.6-9.2 1-2.2 2-4.4 3-6.5.9-1.3 1.7-2.3 2.3-3.3zM59 242.4c2.8-1.5 5.5-2.9 8.3-4.4 3.2-1.7 6.5-2.5 10.1-2.5.6 0 1.2 0 1.7-.1 1.1-.2 1.5-1 .8-1.9-.5-.7-1.2-1.4-1.9-2-3.5-2.7-7.5-3.7-11.8-3.6-3.2.1-6.2.8-9.2 1.9-.4.1-.7.3-1 .4-.4-2.5-.7-5-1.3-7.4-.8-3.3-2.4-6.3-4.7-8.8-.5-.5-1.3-.8-1.9-1.2-.3.7-.8 1.4-.8 2.2-.2 5.4-1.5 10.6-3.2 15.7-.3.8-.7 1.1-1.5 1-7-.7-14-1.3-20.8-3.2-.4-.1-.9-.2-1.4-.2-1.4 0-1.8.6-1.2 1.8.3.6.7 1.3 1.3 1.7 3.6 2.9 7.2 5.8 10.9 8.5 1.9 1.4 4.1 2.3 6.6 2.7-.7.9-1.3 1.6-1.9 2.4-3.3 4.3-6 8.9-7.1 14.3-.4 1.7-.2 3.5-.1 5.3 0 .5.6 1.3 1.1 1.4.5.1 1.1-.4 1.6-.8.4-.3.6-.8.9-1.2 2.4-4.2 5.8-7.3 10.1-9.5 2.1-1.1 4.3-2.3 6.5-3.5.8.9 1.6 2 2.4 2.9 4 4.5 8.6 8.1 14.4 9.9 1.2.4 2.4.5 3.7.6 1.4 0 1.8-.8 1.2-2.1-.2-.5-.5-1-.9-1.3-2.6-2.6-4.2-5.9-5.6-9.2-1-2.2-2-4.4-3-6.5-.8-1.3-1.6-2.3-2.3-3.3zM74.2 296.1l3.1 11.1c.6 1.9.7 3.7.6 5.3-.2 1.6-.6 3-1.4 4.2-.8 1.2-1.8 2.2-3.1 3.1-1.3.8-2.8 1.5-4.5 2-1.6.4-3.1.7-4.7.6-1.5 0-3-.4-4.3-1-1.3-.7-2.5-1.7-3.6-3.2-1.1-1.4-1.9-3.3-2.6-5.6l-1.7-6.1-17.8 5-1-3.7 41-11.7zm-19.1 9.4l1.8 6.3c.3 1.2.8 2.3 1.4 3.3.6 1 1.3 1.8 2.2 2.4.9.6 1.9 1 3.2 1.1 1.2.2 2.6 0 4.2-.4 3.1-.9 5.1-2.2 5.9-4.1.9-1.8.9-4.2.1-7.1l-1.8-6.3-17 4.8zM82.2 322.1l1.4 3.6L44 341.2l-1.4-3.6 39.6-15.5zM84.2 352.2c2.3-1.2 3.9-2.7 4.7-4.5.8-1.8.6-3.8-.6-6.2-.6-1.2-1.3-2.1-2.1-2.8-.8-.7-1.7-1.2-2.6-1.5-.9-.3-1.9-.4-2.9-.3-1 .1-1.9.4-2.9.9-1.9 1-3.1 2.2-3.7 3.6-.6 1.4-.8 3-.7 4.7.1 1.7.3 3.4.6 5.3.4 1.8.5 3.6.5 5.4 0 1.7-.5 3.4-1.3 4.9-.8 1.5-2.3 2.9-4.5 4-1.8.9-3.6 1.5-5.2 1.6-1.7.2-3.2 0-4.7-.6-1.5-.5-2.8-1.4-3.9-2.5-1.2-1.2-2.2-2.6-3.1-4.3-1.8-3.6-2.3-6.8-1.4-9.7.9-2.8 3.2-5.2 7-7.1l1.1-.6 1.7 3.4-1.4.7c-2.4 1.2-4.1 2.9-4.9 4.9-.8 2-.6 4.3.7 6.8 1.2 2.4 2.9 4.1 4.9 5 2 .9 4.3.6 7-.7 1.4-.7 2.4-1.6 3.1-2.6.6-1 1-2.1 1.2-3.2.2-1.2.2-2.4 0-3.7-.2-1.3-.4-2.6-.6-4-.2-1.3-.4-2.7-.4-4s0-2.7.3-3.9c.3-1.2.9-2.4 1.8-3.5s2.2-2.1 3.9-3c1.5-.8 3-1.2 4.5-1.4 1.5-.2 2.9 0 4.2.4 1.3.4 2.6 1.2 3.7 2.2 1.2 1 2.2 2.4 3 4.1 1.8 3.5 2.3 6.6 1.4 9.1-.9 2.5-3 4.7-6.5 6.5l-1.9-3.4zM89.6 391.3c-4.2 2.6-7.9 3.8-11.3 3.6-3.3-.2-6.1-1.9-8.4-5.1-2.5-3.6-3.1-7.3-1.6-11.3 1.5-4 5.4-8.1 11.6-12.6 6.2-4.4 11.4-6.7 15.7-6.8 4.2-.1 7.6 1.6 10.1 5.1 1.2 1.7 2 3.5 2.3 5.1.3 1.7.3 3.3-.1 4.8s-1.1 2.9-2.1 4.2c-1 1.3-2.3 2.4-3.7 3.5l-2.2-3.1c2.4-1.7 3.9-3.6 4.6-5.9.7-2.2.2-4.5-1.4-6.7-.9-1.2-1.9-2.1-3.2-2.8-1.2-.6-2.7-.8-4.4-.6-1.7.2-3.6.8-5.9 1.8-2.2 1-4.7 2.5-7.5 4.5s-5.1 3.9-6.7 5.6c-1.7 1.8-2.9 3.4-3.6 5-.7 1.5-1 3-.8 4.4.2 1.4.7 2.7 1.6 3.9 1.6 2.2 3.7 3.3 6.2 3.3 2.6 0 5.4-1 8.6-3l2.2 3.1zM115.3 377.4l2.5 2.9-31.9 28.1-2.5-2.9 31.9-28.1zM127.4 405.1c1.8-1.9 2.7-3.8 2.9-5.8.1-1.9-.8-3.8-2.7-5.6-1-.9-1.9-1.5-2.9-1.9-1-.4-2-.6-2.9-.5-1 0-1.9.3-2.8.7-.9.4-1.7 1-2.4 1.8-1.4 1.5-2.2 3.1-2.2 4.6 0 1.5.3 3.1.9 4.6.6 1.6 1.4 3.1 2.4 4.7s1.7 3.2 2.3 4.9c.5 1.7.7 3.3.5 5.1-.2 1.7-1.2 3.5-2.9 5.3-1.4 1.5-2.9 2.6-4.4 3.3-1.5.7-3 1.1-4.6 1.1-1.5 0-3.1-.4-4.6-1s-3-1.7-4.4-3c-3-2.8-4.5-5.6-4.6-8.6-.1-3 1.3-6 4.2-9.1l.9-.9 2.8 2.6-1.1 1.2c-1.9 2-2.9 4.1-3 6.2-.1 2.2.9 4.2 3 6.2 2 1.9 4.1 2.9 6.3 3 2.2.1 4.3-.9 6.3-3.1 1.1-1.2 1.8-2.3 2-3.5s.3-2.3 0-3.4c-.2-1.1-.7-2.3-1.3-3.5-.6-1.2-1.2-2.3-1.9-3.5l-1.8-3.6c-.5-1.2-.9-2.5-1-3.8-.1-1.3 0-2.6.5-3.9.4-1.3 1.3-2.7 2.6-4.1 1.1-1.2 2.4-2.2 3.7-2.8 1.3-.6 2.7-1 4.1-1 1.4 0 2.8.2 4.2.8 1.4.6 2.8 1.5 4.2 2.8 2.9 2.7 4.4 5.4 4.4 8.1 0 2.7-1.3 5.5-3.9 8.3l-2.8-2.7zM139.8 429.6c.5-.8 1.2-1.2 2.1-1.4.9-.2 1.7 0 2.5.5s1.2 1.2 1.4 2.1c.2.9 0 1.7-.5 2.5s-1.2 1.2-2.1 1.4c-.9.2-1.7 0-2.5-.5s-1.2-1.2-1.4-2.1c-.2-.9 0-1.8.5-2.5zM186.9 440.4c1-2.4 1.2-4.6.7-6.4-.6-1.9-2-3.3-4.5-4.3-1.2-.5-2.3-.8-3.4-.8s-2.1.2-2.9.5c-.9.4-1.7.9-2.4 1.6-.7.7-1.2 1.5-1.6 2.5-.8 1.9-1 3.6-.5 5.1.5 1.5 1.3 2.8 2.4 4 1.1 1.2 2.4 2.4 3.9 3.6s2.7 2.4 3.8 3.8c1.1 1.4 1.8 2.9 2.2 4.6s.1 3.7-.9 5.9c-.8 1.9-1.8 3.5-3 4.6s-2.5 2.1-3.9 2.6-3 .7-4.6.6c-1.6-.1-3.4-.6-5.2-1.3-3.7-1.6-6.2-3.7-7.3-6.5-1.1-2.8-.9-6.1.8-10l.5-1.2 3.5 1.5-.6 1.5c-1.1 2.5-1.3 4.8-.6 6.9.6 2.1 2.3 3.6 4.9 4.8 2.5 1.1 4.8 1.3 6.9.7 2.1-.6 3.7-2.3 4.9-5.1.6-1.5.8-2.8.7-3.9-.2-1.2-.5-2.2-1.2-3.2-.6-1-1.4-1.9-2.4-2.8-1-.9-2-1.8-3-2.6-1-.9-2-1.8-2.9-2.8-.9-1-1.7-2-2.3-3.2-.6-1.1-.9-2.4-.9-3.8-.1-1.4.3-3 1-4.8.6-1.5 1.5-2.8 2.5-3.9s2.2-1.9 3.5-2.4c1.3-.5 2.7-.7 4.3-.7 1.6 0 3.2.4 4.9 1.2 3.7 1.5 6 3.6 6.9 6.1 1 2.5.7 5.6-.8 9.1l-3.4-1.5zM194.9 432.8l3.7.8-.9 38.1h.1l15.2-34.9 4.3 1-1.1 38.1h.1l15.4-34.9 3.7.8-18.1 39.6-4.7-1 1.3-38.1h-.1l-15 35-4.7-1 .8-43.5zM237.9 441l3.8.3-3.7 42.4-3.8-.3 3.7-42.4zM246.9 442.3l6.6-.3 11.8 37.3h.1l8.7-38.2 6.3-.2 1.7 42.5-3.8.2-1.6-38.9h-.1l-9.5 39.4-3.6.1-12.6-38.5h-.1l1.6 38.9-3.8.2-1.7-42.5zM284.4 440.4l6.4-1.6 19 34.2h.1l.9-39.1 6.1-1.5 10.2 41.3-3.7.9-9.3-37.8h-.1l-1.4 40.5-3.5.9-20-35.2h-.1l9.3 37.8-3.7.9-10.2-41.3zM321.6 430l3.6-1.4 15.4 39.7-3.6 1.4-15.4-39.7zM351.7 428.1c-1.2-2.3-2.7-3.9-4.4-4.7-1.8-.8-3.8-.6-6.2.6-1.2.6-2.1 1.3-2.8 2.1-.7.8-1.2 1.7-1.5 2.6-.3.9-.4 1.9-.3 2.9.1 1 .4 1.9.9 2.9 1 1.9 2.1 3.1 3.6 3.7 1.4.6 3 .8 4.7.7 1.7-.1 3.4-.3 5.3-.6 1.8-.3 3.6-.5 5.4-.4 1.7.1 3.4.5 4.9 1.3 1.5.8 2.9 2.3 4 4.5.9 1.8 1.5 3.6 1.6 5.3.2 1.7 0 3.2-.6 4.7-.5 1.5-1.4 2.8-2.5 3.9s-2.6 2.2-4.4 3.1c-3.6 1.8-6.8 2.3-9.7 1.4-2.8-.9-5.2-3.3-7.1-7l-.6-1.1 3.4-1.7.7 1.4c1.2 2.4 2.9 4.1 4.8 4.9 2 .8 4.3.6 6.8-.7 2.4-1.2 4.1-2.9 5-4.9.9-2 .6-4.3-.7-7-.7-1.4-1.6-2.4-2.6-3.1s-2.1-1-3.2-1.2c-1.2-.2-2.4-.2-3.7 0-1.3.2-2.6.4-4 .6-1.3.2-2.7.3-4 .4s-2.7 0-3.9-.3-2.4-.9-3.5-1.8-2.1-2.2-3-3.9c-.8-1.5-1.2-3-1.4-4.5-.2-1.5 0-2.9.4-4.2.4-1.3 1.2-2.6 2.2-3.7s2.4-2.2 4.1-3c3.5-1.8 6.6-2.2 9.1-1.4 2.5.9 4.7 3.1 6.4 6.5l-3.2 1.7zM379 424.8c-.5-.7-.8-1.5-.6-2.4.1-.9.6-1.6 1.3-2.2.7-.5 1.5-.8 2.4-.6.9.1 1.6.6 2.2 1.3.6.7.8 1.5.6 2.4-.1.9-.6 1.6-1.3 2.2-.7.6-1.5.8-2.4.6-1-.1-1.7-.5-2.2-1.3zM405.3 384.3c-1.9-1.8-3.8-2.7-5.8-2.8-1.9-.1-3.8.8-5.6 2.7-.9 1-1.5 1.9-1.9 2.9-.4 1-.6 2-.5 2.9 0 1 .3 1.9.7 2.8.4.9 1 1.7 1.8 2.4 1.5 1.4 3.1 2.2 4.6 2.2 1.5 0 3.1-.3 4.6-.9 1.6-.6 3.1-1.4 4.7-2.4s3.2-1.7 4.9-2.3c1.7-.6 3.3-.7 5.1-.5 1.7.2 3.5 1.2 5.3 2.8 1.5 1.4 2.6 2.9 3.3 4.4.7 1.5 1.1 3 1.1 4.6 0 1.5-.3 3.1-1 4.6-.7 1.5-1.7 3-3 4.4-2.8 3-5.6 4.5-8.6 4.6-3 .1-6-1.3-9.1-4.1l-.9-.9 2.6-2.8 1.2 1.1c2 1.9 4.1 2.9 6.2 3 2.2.1 4.2-.9 6.2-3 1.9-2 2.9-4.1 3-6.3.1-2.2-.9-4.3-3.1-6.3-1.2-1.1-2.3-1.8-3.5-2-1.1-.3-2.3-.3-3.4 0-1.1.2-2.3.7-3.5 1.3-1.2.6-2.3 1.3-3.5 1.9l-3.6 1.8c-1.2.6-2.5.9-3.8 1-1.3.1-2.6 0-3.9-.5-1.3-.4-2.7-1.3-4.1-2.6-1.2-1.1-2.2-2.4-2.8-3.7-.7-1.3-1-2.7-1-4.1 0-1.4.2-2.8.8-4.2.6-1.4 1.5-2.8 2.8-4.2 2.7-2.9 5.4-4.4 8.1-4.4 2.7 0 5.5 1.3 8.3 3.9l-2.7 2.7zM419.7 383.6c-6.3-4.3-10.3-8.4-11.8-12.3-1.6-3.9-1.2-7.7 1.3-11.3 2.4-3.6 5.8-5.4 10-5.3s9.5 2.2 15.8 6.5c6.3 4.3 10.2 8.4 11.8 12.3 1.6 3.9 1.1 7.7-1.3 11.3-2.5 3.6-5.8 5.4-10 5.4-4.2-.2-9.5-2.3-15.8-6.6zm2.2-3.2c2.9 1.9 5.4 3.4 7.6 4.4 2.2 1 4.2 1.5 5.9 1.7s3.2-.1 4.4-.7c1.2-.6 2.3-1.6 3.1-2.8.8-1.2 1.3-2.6 1.5-3.9.1-1.4-.2-2.8-.9-4.3-.8-1.5-2-3.2-3.7-4.9-1.7-1.7-4-3.6-6.9-5.5s-5.4-3.4-7.6-4.4c-2.2-1-4.2-1.5-5.9-1.7s-3.2.1-4.4.7c-1.2.6-2.3 1.6-3.1 2.8-.8 1.2-1.3 2.6-1.5 3.9-.1 1.4.2 2.8.9 4.3.8 1.5 2 3.2 3.7 4.9 1.7 1.8 4 3.6 6.9 5.5zM419.1 345.6l1.7-3.4 35.4 17.2 7.7-15.9 2.9 1.4-9.4 19.3-38.3-18.6zM429.2 323.6l1.4-3.6 39.8 15.1-1.4 3.6-39.8-15.1zM448 300c-2.5-.7-4.7-.6-6.4.2-1.8.8-3 2.5-3.7 5-.3 1.3-.4 2.4-.3 3.5.1 1.1.4 2 .9 2.8.5.8 1.1 1.5 1.9 2.1.8.6 1.7 1 2.7 1.3 2 .5 3.7.5 5.1-.2 1.4-.7 2.6-1.7 3.7-3s2.1-2.7 3.1-4.3c1-1.6 2-3 3.3-4.3 1.2-1.3 2.6-2.2 4.2-2.8 1.6-.6 3.6-.6 6 0 2 .5 3.7 1.3 5 2.3 1.3 1 2.4 2.2 3.1 3.5.7 1.4 1.1 2.9 1.2 4.5.1 1.7-.1 3.4-.6 5.3-1.1 3.9-2.9 6.6-5.5 8.1s-5.9 1.7-10 .6l-1.2-.3 1-3.7 1.6.4c2.6.7 4.9.6 6.9-.3 2-.9 3.3-2.7 4-5.5.7-2.6.6-5-.3-7-.9-2-2.8-3.4-5.7-4.2-1.5-.4-2.9-.5-4-.2s-2.1.8-3.1 1.6c-.9.7-1.7 1.7-2.5 2.8-.7 1.1-1.5 2.2-2.2 3.3-.7 1.1-1.5 2.2-2.4 3.3-.8 1.1-1.8 2-2.8 2.7-1.1.7-2.3 1.2-3.7 1.4-1.4.2-3 .1-4.9-.4-1.6-.4-3-1.1-4.2-2-1.2-.9-2.1-1.9-2.8-3.1-.7-1.2-1.1-2.6-1.3-4.1-.2-1.5 0-3.2.5-5 1-3.8 2.7-6.4 5.1-7.7 2.4-1.3 5.4-1.4 9.1-.4l-.8 3.8zM58.7 164.7c-1.2-.5-2.3-.7-3.3-.6-1 .1-1.8.7-2.2 1.6-.5 1.1-.5 2 0 2.9.5.8 1.2 1.4 2 1.8 1.3.6 2.5.6 3.6.1s2.2-1.2 3.3-2.2c1.1-1 2.2-2.1 3.4-3.2 1.2-1.2 2.5-2.2 4-3 1.5-.8 3.1-1.3 4.9-1.5 1.8-.2 3.9.3 6.3 1.3 4.1 1.8 6.6 4.4 7.4 7.6.8 3.2.2 7-1.8 11.5-.9 2.1-1.9 3.9-3 5.4-1.1 1.5-2.3 2.6-3.6 3.3-1.3.7-2.8 1.1-4.5 1-1.6 0-3.5-.5-5.5-1.4l-1.4-.6 4.4-9.8.9.4c1.7.7 3 1 3.9.6.9-.3 1.6-1 2.1-2 .5-1.1.5-2 0-2.9-.5-.9-1.2-1.6-2.3-2-1.3-.6-2.5-.6-3.6-.2-1.1.5-2.2 1.1-3.2 2.1-1.1.9-2.2 2-3.3 3.1-1.2 1.1-2.4 2.1-3.8 2.9-1.4.8-3 1.3-4.8 1.4-1.8.2-3.8-.3-6.1-1.3-4-1.8-6.5-4.2-7.6-7.2-1.1-3-.7-6.7 1.2-11 2-4.4 4.4-7.2 7.2-8.4 2.8-1.1 6.3-.8 10.5 1.1l-4.2 9.5-.9-.3zM64 149.1l-7.9-5.1 15-23.3 7.9 5.1-4.5 7 27.9 18-6 9.3-27.9-18-4.5 7zM87 101.8l39.1 19.9-7.7 9-6.4-4-5.8 6.7 4.9 5.7-7.6 8.8-25.7-35.5 9.2-10.6zm2 11.1l11.8 14.1 4-4.7-15.8-9.4zM100.5 100.8l-6.3-7.1L115 75.4l6.3 7.1L115 88l22 24.9-8.3 7.4-22-24.9-6.2 5.4zM142.1 57.3l5 7.6-11.9 7.7 4 6.1 11.1-7.2 4.8 7.3-11.2 7.2 4.6 7.1 12.3-8 5 7.6-21.6 14.1-23.3-35.7 21.2-13.8zM170.4 55.5c-.4-2.8-.4-5.3.2-7.3.5-2.1 1.6-3.8 3.2-5.2 1.6-1.4 3.7-2.6 6.4-3.5 2.7-.9 5.1-1.3 7.2-1.2 2.1.1 4 .8 5.7 2.1 1.7 1.3 3.3 3.2 4.7 5.6 1.4 2.5 2.8 5.6 4.1 9.4 1.3 3.8 2.2 7 2.6 9.9.4 2.8.4 5.3-.2 7.3-.5 2.1-1.6 3.8-3.2 5.1-1.6 1.4-3.7 2.5-6.4 3.4-2.7.9-5 1.4-7.1 1.3-2.1-.1-4-.7-5.7-2-1.7-1.3-3.3-3.2-4.7-5.6-1.4-2.5-2.8-5.6-4.1-9.4-1.4-3.8-2.3-7.1-2.7-9.9zm15.9 12.7c.7 1.8 1.4 3.1 2 4.1.6 1 1.2 1.6 1.8 1.8.6.2 1.3.2 2.1 0 .8-.3 1.3-.7 1.7-1.3.3-.6.4-1.4.3-2.6-.1-1.1-.5-2.6-1-4.4-.6-1.8-1.3-4.1-2.2-6.8-.9-2.7-1.8-4.9-2.5-6.7-.7-1.8-1.4-3.1-2-4.1-.6-1-1.2-1.6-1.8-1.8-.6-.2-1.3-.2-2.1 0-.8.3-1.3.7-1.7 1.3-.3.6-.4 1.4-.3 2.6.1 1.1.5 2.6 1 4.4.6 1.8 1.3 4.1 2.2 6.8 1 2.8 1.8 5 2.5 6.7zM228.5 28.6l1.6 8.9-13.9 2.5 1.3 7.2 13.1-2.4 1.5 8.6-13.1 2.4 3.1 17.3-10.9 2-7.6-42 24.9-4.5zM266.4 27.5l-.9 15.6 6.8.4.9-15.6 11.1.7-2.5 42.6-11.1-.7 1-17.5-6.8-.4-1 17.5-11.1-.7 2.5-42.6 11.1.7zM315.4 35l.3 43.9-11.5-2.7.6-7.5-8.6-2-2.8 7-11.3-2.7 19.7-39.2 13.6 3.2zm-8.8 6.9l-7.1 16.9 6 1.4 1.2-18.3h-.1z\"/>\n  <path d=\"M347.7 46.5l-6.5 24.8h.1l14.7-21 14.4 6.7-17.9 38.7-9.4-4.4 13.3-28.8h-.1l-18.7 26.4-7.3-3.4 8-31.3h-.1L324.9 83l-9.4-4.4 17.9-38.7 14.3 6.6zM387.4 68.7l-23.7 35.5-9.2-6.2 23.7-35.5 9.2 6.2zM402.8 80.7l-21.6 25.7 10.5 8.8-5.8 7-19-15.9 27.4-32.7 8.5 7.1zM406.2 95.7l6.9-6.5 19 20.2-6.9 6.5-5.7-6.1-24.2 22.8-7.6-8.1 24.2-22.8-5.7-6zM427.3 121.2c2.6-1.2 5-1.7 7.1-1.8 2.1 0 4.1.5 5.9 1.7 1.8 1.1 3.5 2.9 5.1 5.2 1.6 2.3 2.6 4.5 3 6.6.4 2.1.3 4.1-.5 6.1s-2.2 4-4.2 6-4.7 4.1-8 6.4c-3.3 2.3-6.2 4-8.8 5.1-2.6 1.2-5 1.7-7.1 1.8-2.1 0-4.1-.6-5.8-1.7-1.7-1.2-3.4-2.9-5-5.3-1.6-2.3-2.6-4.5-3.1-6.6-.5-2-.3-4 .5-6s2.2-4 4.2-6 4.7-4.1 8-6.4c3.2-2.2 6.1-3.9 8.7-5.1zm-8.1 18.7c-1.5 1.1-2.7 2.1-3.4 3-.8.8-1.2 1.6-1.3 2.3-.1.7.1 1.3.6 2s1 1.1 1.7 1.3c.6.2 1.5 0 2.6-.4s2.4-1.1 4-2.1 3.6-2.3 6-3.9 4.3-3 5.8-4.1c1.5-1.1 2.7-2.1 3.4-3 .8-.8 1.2-1.6 1.3-2.3.1-.7-.1-1.3-.6-2s-1-1.1-1.7-1.3c-.6-.2-1.5 0-2.6.4s-2.4 1.1-4 2.1-3.6 2.3-6 3.9-4.3 3-5.8 4.1zM463.2 159.2l-21 17.4v.1l23.9-10.9 4.3 9.5-38.8 17.6-5-11.1 20.9-17.6v-.1l-24 10.9-4.3-9.5 38.8-17.6 5.2 11.3zM325.8 201.4H269c-4.5-.2-8.1-3.9-8.1-8.5 0-4.7 3.8-8.5 8.5-8.5.5 0 1.1.1 1.6.2 2.1-3.8 6.9-6.2 12.4-6.2 5.9 0 11.1 3 12.8 7.2 4.8-.5 9 2.7 9 6.7 0 .4 0 .8-.1 1.1h20.8c2.2 0 4 1.8 4 4s-1.9 4-4.1 4zm-56.4-14.5c-3.3 0-6 2.7-6 6 0 3.2 2.5 5.9 5.8 6h56.6c.8 0 1.5-.7 1.5-1.5s-.7-1.5-1.5-1.5h-24.7l1.1-1.9c.3-.6.5-1.1.5-1.7 0-2.4-2.5-4.3-5.5-4.3-.5 0-1 .1-1.5.2l-1.2.3-.3-1.2c-.9-3.7-5.5-6.4-10.8-6.4-4.9 0-9.2 2.3-10.5 5.7l-.4 1.1-1.1-.4c-.7-.3-1.4-.4-2-.4zM291.9 248.2H302c.5 0 .8-.4.8-.8V238.3c0-1.9-2.5-3.4-5.9-3.4s-5.9 1.5-5.9 3.4v9.1c.1.5.5.8.9.8zm6-11.6c2.1.2 3.4 1 3.4 1.7v2.9h-3.4v-4.6zm0 6.2h3.4v3.7h-3.4v-3.7zm-5.1-4.6c0-.6 1.3-1.5 3.4-1.7v4.5h-3.4v-2.8zm0 4.6h3.4v3.7h-3.4v-3.7zM329 248.2h10.1c.5 0 .8-.4.8-.8v-9.1c0-1.9-2.5-3.4-5.9-3.4s-5.9 1.5-5.9 3.4v9.1c.1.5.4.8.9.8zm5.9-11.6c2.1.2 3.4 1 3.4 1.7v2.9h-3.4v-4.6zm0 6.2h3.4v3.7h-3.4v-3.7zm-5.1-4.6c0-.6 1.3-1.5 3.4-1.7v4.5h-3.4v-2.8zm0 4.6h3.4v3.7h-3.4v-3.7z\"/>\n  <path d=\"M423.7 319.3c-1.8-.9-3.8-1.6-5.8-2-9.6-2-19.2-.8-28.8-.1-4.9.3-9.9.7-14.9 1.1 1-3.1 2.1-5.7 2.7-8.5.6-2.7.8-5.6 1.1-8.6-5.7.2-10.6 1.7-14.7 4.9-4.1 3.1-7.6 6.9-11.4 10.4.2.2 0 .1-.1 0-1.1-1.3-2.2-2.6-3.2-3.9-10-12.4-22.5-20.3-38.5-22.1-3.7-.4-7.4-1-11.1-1.4-14.3-1.6-26.7-6.3-37.1-13.1 2.2-1.4 5-2.4 9.1-2.4 6.4 0 9.5 2.5 12.5 4.9 2.8 2.3 5.3 4.2 10.2 4.2 5 0 7.4-2 10.2-4.2 3-2.4 6.1-4.9 12.5-4.9s9.5 2.5 12.5 4.9c2.8 2.3 5.3 4.2 10.2 4.2 5 0 7.4-2 10.2-4.2 3-2.4 6.1-4.9 12.5-4.9s9.5 2.5 12.5 4.9c2.8 2.3 5.3 4.2 10.2 4.2 5 0 7.4-2 10.2-4.2 3-2.4 6.1-4.9 12.5-4.9 2.1 0 3.9.3 5.7.8-1.4 12.2-4.2 24-8.2 35.4h1c2.9 0 5.6.2 8.1.5 5.8-17 9-35.2 9-54.1 0-92.4-74.9-167.2-167.2-167.2-39.4 0-75.7 13.7-104.3 36.5 3 .7 6.3.8 9.6.8H164.8c26.4-18.5 57.8-28.5 90.8-28.5 42.3 0 82.1 16.5 112 46.4 27.2 27.2 43.3 62.6 46 100.6-11.2-9.3-23.1-6.7-35.3-2.8v.1c-.3.1-.8.2-1.4.4l-2.3-18.9-3.5-29.5h4.7c.5 0 1-.4 1.2-.9l2-6.5c.1-.4 0-.8-.2-1.1s-.6-.5-1-.5h-8v-8.9h2c.5 0 1-.3 1.2-.8s.1-1-.3-1.4l-11.4-10.3c.9-.8 1.5-2 1.5-3.3 0-2-1.3-3.7-3.1-4.2v-5.7c0-.7-.6-1.2-1.2-1.2s-1.2.6-1.2 1.2v5.7c-1.8.5-3.1 2.2-3.1 4.2 0 1.3.6 2.4 1.5 3.2l-11.5 10.3c-.4.3-.5.9-.3 1.4s.6.8 1.2.8h2v8.9h-8c-.4 0-.8.2-1 .5-.2.3-.3.7-.2 1.1l2 6.5c.2.5.6.9 1.2.9h4.7l-2 16.5H286c-.5 0-1 .3-1.2.8l-7 18c-.1.4-.1.8.1 1.2.2.3.6.5 1 .5h5.1v20.9l-8.1.2c.9-1.5 2.2-3.8 2.8-4.9.5-.9.2-2.5-1-4.1.8-.1 1.4-.2 1.6-.2.6 0 4.1-6-1.1-8-3-1.1-10.4-1-15.3-.3s-3.3 2.4-2.4 2.4c3.8 0 5.6 2.2 2 2.1s-16.4 3.5-12.7 4.4c3.3.8 10.6-1.1 12.1.2.9.8 2.8 1.1 4.7 1.1 2.2 1.7 3.5 4.6 3.5 7.5l-23.5.6c-.4 0-.8.2-1 .5-1.4 1.5-2.6 2.8-3.7 4.1-7.6-10.4-12.8-22.6-15.2-35.7-2.2-11.6-2.3-23.6-3.2-35.4-.7-9.1-1.5-18-5.8-26.3-7-13.8-17.2-23.7-32.8-26.4-6.3-1.1-13-.5-19.5-.6-6.5-.1-12.9.4-19.3-2.1-3.3-1.3-7.1-1.7-10.7-2-5.6-.5-9 1.9-9.4 6.4-.7 10-.1 19.9 3.1 29.5 2.6 7.6 7.8 13.2 13.9 18.1 5.1 4.2 9.4 9.2 10.6 15.7 1.4 7.2 2.1 14.6 2.7 21.9.6 7.2-.9 14-3.9 20.6-2.6 5.7-4.8 11.6-6.9 17.5-1.2 3.5-2.4 7.1-2.8 10.8-2.4-.9-5.3-1.6-8.9-1.6-8.5 0-13 3.6-16.3 6.3-2.6 2.1-3.6 2.9-6.5 2.9s-3.9-.9-6.5-2.9c-1.8-1.5-4-3.2-7-4.5-.4-4.4-.6-8.8-.6-13.2 0-31.7 9.2-62 26.5-87.7-.2-.5-.4-1.1-.6-1.7-1-3-1.8-6.1-2.4-9.3-19.6 27.2-31.6 61.3-31.6 98.2 0 32.1 9 62.1 24.7 87.5 1.2-.4 2.6-.6 4.2-.6h1.1c1.7.1 3.3.2 5 .4-13.3-20.1-21.8-42.8-24.9-66.9.9.6 1.7 1.3 2.5 1.9 2.8 2.3 5.3 4.2 10.2 4.2 5 0 7.4-2 10.2-4.2 3-2.4 6.1-4.9 12.5-4.9 3.8 0 6.4.9 8.6 2.1-.2 7.4 0 14.7.2 22.1.4 15.3 2.5 30.2 8.8 44.3 1.2 2.7 2.1 5.6 3.1 8.4-4.4 2.2-7.3 2.4-13.6 1.7-7.7-.9-15.4-2-23.1-2.5-5-.3-6.8 2.6-5.2 7.4 2.6 7.6 7.1 13.9 13.6 18.5 2.1 1.5 4.8 2.7 7.3 3.1 4.4.6 8.9.8 13.3.6 7.9-.2 15.7-.9 23.6-1.2 1.3 0 2.8.5 3.8 1.3 3.4 2.7 7.2 4.3 11.5 4.8 5.3.6 10.6 1.2 15.9 2.1 1.3.2 2.8 1.1 3.6 2.2 5.2 6.3 11.4 11.1 19.5 12.4 9.5 1.6 19 2.9 28.6 3.6 6.1.5 12.3 0 18.4-.5 5.6-.5 7.6-4.6 4.5-9.3-1.8-2.8-4-5.6-6.6-7.7-5.4-4.3-11.1-8.2-16.9-12.3 15.1-4.2 30.2-8.4 45.2-12.5 19.7-5.4 39.3-11.3 57.7-20.4 1.9-.9 3.4-.8 5.2.3 6.2 3.9 13.2 5 20.1 3.2 7.6-2 15-4.5 22.2-7.6 7.7-3.3 14.8-7.9 20.6-14.2 1.7-1.8 1.4-3.1-.5-4zm-53.5-132.1h6.4l-1.2 4h-5.1v-4zm-1.2-13.9h-4.4l-2.9-6.6 7.3 6.6zm-4.3 11.4v-8.9h3v8.9h-3zm3 2.5v4h-3v-4h3zm-12.4-2.5v-8.9h6.9v8.9h-6.9zm6.9 2.5v4h-6.9v-4h6.9zm-3.4-29c1 0 1.9.9 1.9 1.9s-.9 1.9-1.9 1.9-1.9-.9-1.9-1.9.9-1.9 1.9-1.9zm0 8.1l3.1 7.1h-6.2l3.1-7.1zm-2.9.4l-2.9 6.6h-4.4l7.3-6.6zm-6.1 18v-8.9h3v8.9h-3zm3 2.5v4h-3v-4h3zm-10.6 4l-1.2-4h6.4v4h-5.2zm6.3 2.8h20.6l3.5 29.6 2.3 19.4c-.1 0-.1 0-.2.1l-21.1 6.9-6.4.2v-19.4h4.3c.4 0 .7-.2 1-.5.2-.3.3-.7.3-1l-1.2-6.1v-.1c0-.1-.1-.2-.1-.2 0-.1-.1-.1-.1-.2l-.2-.2c-.1-.1-.1-.1-.2-.1s-.1-.1-.2-.1-.2 0-.3-.1h-5.3l3.3-28.2zm-67.4 34.2l6-15.5h56.6l-1.3 10.6c0 .4.1.7.3 1s.6.4.9.4h5.6l.7 3.6h-68.8zm42 7.4l-7.2-4.5c-.3-.2-.6-.2-.9 0l-7.2 4.5c-.3.2-.5.6-.4.9.1.4.4.6.8.6h1.5V251l-22.8.6v-20.9h57.9v19.4l-23.7.6v-13.6h1.5c.4 0 .7-.3.8-.6.1-.3 0-.7-.3-.9zm-11.9-.1l4.2-2.6 4.2 2.6h-8.4zm8.2 1.7v13.6l-2.9.1h-5v-13.7h7.9zm-46.5 7.3c.1-.2.1-.4.1-.7 1.1-.2 2.3-.4 3.3-.6 3 3.5-.9 5.6-2.4 7.3-.3-1-.9-2.1-1.8-3.1.3-1.1.6-2.3.8-2.9zm-3.9-.1c.4 0 .8-.1 1.2-.2.5-.1 1.1-.2 1.8-.3-.2.9-.6 1.7-.9 2.2-.7-.6-1.4-1.2-2.1-1.7zm-24.8 15.2c1.1-1.3 2.2-2.6 3.6-4.1L354 253c.1 0 .3 0 .4-.1 0 0 24.7-8.1 25.2-8.3 12.5-3.9 23.8-6.3 34.5 4 .1.1.1.1.2.1.1 2.4.2 4.8.2 7.3 0 4.1-.2 8.2-.5 12.2-2-.5-4-.8-6.2-.8-8.5 0-13 3.6-16.3 6.3-2.6 2.1-3.6 2.9-6.5 2.9s-3.9-.9-6.5-2.9c-3.3-2.6-7.8-6.3-16.3-6.3s-13 3.6-16.3 6.3c-2.6 2.1-3.6 2.9-6.5 2.9s-3.9-.9-6.5-2.9c-3.3-2.6-7.8-6.3-16.3-6.3s-13 3.6-16.3 6.3c-2.6 2.1-3.6 2.9-6.5 2.9s-3.9-.9-6.5-2.9c-3.3-2.6-7.8-6.3-16.3-6.3-6.9 0-11.2 2.4-14.3 4.7-4.6-3.7-8.8-7.9-12.5-12.5z\"/></svg>",
  "state": "State of Hamilton",
  "title": "Lincoln Municipal General Election",
  "type": "general"
}