{
  "auth": {
    "arePollWorkerCardPinsEnabled": false,
    "inactiveSessionTimeLimitMinutes": 30,
    "numIncorrectPinAttemptsAllowedBeforeCardLockout": 5,
    "overallSessionTimeLimitHours": 12,
    "startingCardLockoutDurationSeconds": 15
  },
  "markThresholds": {
    "marginal": 0.05,
    "definite": 0.07,
    "writeInTextArea": 0.05
  },
  "precinctScanAdjudicationReasons": [],
  "disallowCastingOvervotes": false,
  "centralScanAdjudicationReasons": [],
  "adminAdjudicationReasons": [],
  "precinctScanEnableBmdBallotScanning": true
}