[
  {
    "pageSize": {
      "width": 1224,
      "height": 1584
    },
    "metadata": {
      "ballotStyleId": "1M",
      "electionHash": "a1fb1df59bc42f44b5838d2b8bb58ca1d7438e2b2a485a7a1f4630cc147a8ef1",
      "ballotType": 0,
      "precinctId": "precinct-2",
      "locales": {
        "primary": "en-US"
      },
      "isTestMode": false,
      "pageNumber": 1
    },
    "contests": [
      {
        "bounds": {
          "x": 429,
          "y": 43,
          "width": 366,
          "height": 334
        },
        "corners": [
          {
            "x": 429,
            "y": 43
          },
          {
            "x": 794,
            "y": 43
          },
          {
            "x": 429,
            "y": 376
          },
          {
            "x": 794,
            "y": 376
          }
        ],
        "options": [
          {
            "bounds": {
              "x": 429,
              "y": 163,
              "width": 366,
              "height": 69
            },
            "target": {
              "bounds": {
                "x": 454,
                "y": 165,
                "width": 32,
                "height": 21
              },
              "inner": {
                "x": 456,
                "y": 167,
                "width": 28,
                "height": 17
              }
            }
          },
          {
            "bounds": {
              "x": 429,
              "y": 232,
              "width": 366,
              "height": 70
            },
            "target": {
              "bounds": {
                "x": 454,
                "y": 234,
                "width": 32,
                "height": 21
              },
              "inner": {
                "x": 456,
                "y": 236,
                "width": 28,
                "height": 17
              }
            }
          },
          {
            "bounds": {
              "x": 429,
              "y": 302,
              "width": 366,
              "height": 73
            },
            "target": {
              "bounds": {
                "x": 454,
                "y": 304,
                "width": 32,
                "height": 22
              },
              "inner": {
                "x": 456,
                "y": 306,
                "width": 28,
                "height": 18
              }
            }
          }
        ]
      },
      {
        "bounds": {
          "x": 429,
          "y": 397,
          "width": 366,
          "height": 580
        },
        "corners": [
          {
            "x": 429,
            "y": 397
          },
          {
            "x": 794,
            "y": 397
          },
          {
            "x": 429,
            "y": 976
          },
          {
            "x": 794,
            "y": 976
          }
        ],
        "options": [
          {
            "bounds": {
              "x": 429,
              "y": 517,
              "width": 366,
              "height": 69
            },
            "target": {
              "bounds": {
                "x": 454,
                "y": 519,
                "width": 32,
                "height": 21
              },
              "inner": {
                "x": 456,
                "y": 521,
                "width": 28,
                "height": 17
              }
            }
          },
          {
            "bounds": {
              "x": 429,
              "y": 586,
              "width": 366,
              "height": 70
            },
            "target": {
              "bounds": {
                "x": 454,
                "y": 588,
                "width": 32,
                "height": 21
              },
              "inner": {
                "x": 456,
                "y": 590,
                "width": 28,
                "height": 17
              }
            }
          },
          {
            "bounds": {
              "x": 429,
              "y": 656,
              "width": 366,
              "height": 71
            },
            "target": {
              "bounds": {
                "x": 454,
                "y": 658,
                "width": 32,
                "height": 22
              },
              "inner": {
                "x": 456,
                "y": 660,
                "width": 28,
                "height": 18
              }
            }
          },
          {
            "bounds": {
              "x": 429,
              "y": 727,
              "width": 366,
              "height": 69
            },
            "target": {
              "bounds": {
                "x": 454,
                "y": 729,
                "width": 32,
                "height": 21
              },
              "inner": {
                "x": 456,
                "y": 731,
                "width": 28,
                "height": 17
              }
            }
          },
          {
            "bounds": {
              "x": 429,
              "y": 796,
              "width": 366,
              "height": 55
            },
            "target": {
              "bounds": {
                "x": 454,
                "y": 798,
                "width": 32,
                "height": 21
              },
              "inner": {
                "x": 456,
                "y": 800,
                "width": 28,
                "height": 17
              }
            }
          },
          {
            "bounds": {
              "x": 429,
              "y": 851,
              "width": 366,
              "height": 56
            },
            "target": {
              "bounds": {
                "x": 454,
                "y": 853,
                "width": 32,
                "height": 22
              },
              "inner": {
                "x": 456,
                "y": 855,
                "width": 28,
                "height": 18
              }
            }
          },
          {
            "bounds": {
              "x": 429,
              "y": 907,
              "width": 366,
              "height": 68
            },
            "target": {
              "bounds": {
                "x": 454,
                "y": 909,
                "width": 32,
                "height": 21
              },
              "inner": {
                "x": 456,
                "y": 911,
                "width": 28,
                "height": 17
              }
            }
          }
        ]
      }
    ]
  },
  {
    "pageSize": {
      "width": 1224,
      "height": 1584
    },
    "metadata": {
      "ballotStyleId": "1M",
      "electionHash": "a1fb1df59bc42f44b5838d2b8bb58ca1d7438e2b2a485a7a1f4630cc147a8ef1",
      "ballotType": 0,
      "precinctId": "precinct-2",
      "locales": {
        "primary": "en-US"
      },
      "isTestMode": false,
      "pageNumber": 2
    },
    "contests": []
  }
]