[
  {
    "pageSize": {
      "width": 1224,
      "height": 1584
    },
    "metadata": {
      "ballotStyleId": "2F",
      "electionHash": "0dabcacc5dd6270c846858e8ea4d8c6d52a2eba9964f54711e8e95373bb7f736",
      "ballotType": 0,
      "precinctId": "precinct-1",
      "locales": {
        "primary": "en-US"
      },
      "isTestMode": false,
      "pageNumber": 1
    },
    "contests": [
      {
        "bounds": {
          "x": 429,
          "y": 43,
          "width": 366,
          "height": 263
        },
        "corners": [
          {
            "x": 429,
            "y": 43
          },
          {
            "x": 794,
            "y": 43
          },
          {
            "x": 429,
            "y": 305
          },
          {
            "x": 794,
            "y": 305
          }
        ],
        "options": [
          {
            "bounds": {
              "x": 429,
              "y": 163,
              "width": 366,
              "height": 69
            },
            "target": {
              "bounds": {
                "x": 454,
                "y": 165,
                "width": 32,
                "height": 21
              },
              "inner": {
                "x": 456,
                "y": 167,
                "width": 28,
                "height": 17
              }
            }
          },
          {
            "bounds": {
              "x": 429,
              "y": 232,
              "width": 366,
              "height": 72
            },
            "target": {
              "bounds": {
                "x": 454,
                "y": 234,
                "width": 32,
                "height": 21
              },
              "inner": {
                "x": 456,
                "y": 236,
                "width": 28,
                "height": 17
              }
            }
          }
        ]
      },
      {
        "bounds": {
          "x": 429,
          "y": 327,
          "width": 366,
          "height": 524
        },
        "corners": [
          {
            "x": 429,
            "y": 327
          },
          {
            "x": 794,
            "y": 327
          },
          {
            "x": 429,
            "y": 850
          },
          {
            "x": 794,
            "y": 850
          }
        ],
        "options": [
          {
            "bounds": {
              "x": 429,
              "y": 446,
              "width": 366,
              "height": 71
            },
            "target": {
              "bounds": {
                "x": 454,
                "y": 448,
                "width": 32,
                "height": 22
              },
              "inner": {
                "x": 456,
                "y": 450,
                "width": 28,
                "height": 18
              }
            }
          },
          {
            "bounds": {
              "x": 429,
              "y": 517,
              "width": 366,
              "height": 69
            },
            "target": {
              "bounds": {
                "x": 454,
                "y": 519,
                "width": 32,
                "height": 21
              },
              "inner": {
                "x": 456,
                "y": 521,
                "width": 28,
                "height": 17
              }
            }
          },
          {
            "bounds": {
              "x": 429,
              "y": 586,
              "width": 366,
              "height": 70
            },
            "target": {
              "bounds": {
                "x": 454,
                "y": 588,
                "width": 32,
                "height": 21
              },
              "inner": {
                "x": 456,
                "y": 590,
                "width": 28,
                "height": 17
              }
            }
          },
          {
            "bounds": {
              "x": 429,
              "y": 656,
              "width": 366,
              "height": 71
            },
            "target": {
              "bounds": {
                "x": 454,
                "y": 658,
                "width": 32,
                "height": 22
              },
              "inner": {
                "x": 456,
                "y": 660,
                "width": 28,
                "height": 18
              }
            }
          },
          {
            "bounds": {
              "x": 429,
              "y": 727,
              "width": 366,
              "height": 55
            },
            "target": {
              "bounds": {
                "x": 454,
                "y": 729,
                "width": 32,
                "height": 21
              },
              "inner": {
                "x": 456,
                "y": 731,
                "width": 28,
                "height": 17
              }
            }
          },
          {
            "bounds": {
              "x": 429,
              "y": 782,
              "width": 366,
              "height": 67
            },
            "target": {
              "bounds": {
                "x": 454,
                "y": 784,
                "width": 32,
                "height": 22
              },
              "inner": {
                "x": 456,
                "y": 786,
                "width": 28,
                "height": 18
              }
            }
          }
        ]
      }
    ]
  },
  {
    "pageSize": {
      "width": 1224,
      "height": 1584
    },
    "metadata": {
      "ballotStyleId": "2F",
      "electionHash": "0dabcacc5dd6270c846858e8ea4d8c6d52a2eba9964f54711e8e95373bb7f736",
      "ballotType": 0,
      "precinctId": "precinct-1",
      "locales": {
        "primary": "en-US"
      },
      "isTestMode": false,
      "pageNumber": 2
    },
    "contests": [
      {
        "bounds": {
          "x": 43,
          "y": 43,
          "width": 559,
          "height": 246
        },
        "corners": [
          {
            "x": 43,
            "y": 43
          },
          {
            "x": 601,
            "y": 43
          },
          {
            "x": 43,
            "y": 288
          },
          {
            "x": 601,
            "y": 288
          }
        ],
        "options": [
          {
            "bounds": {
              "x": 43,
              "y": 197,
              "width": 559,
              "height": 45
            },
            "target": {
              "bounds": {
                "x": 69,
                "y": 198,
                "width": 32,
                "height": 21
              },
              "inner": {
                "x": 71,
                "y": 200,
                "width": 28,
                "height": 17
              }
            }
          },
          {
            "bounds": {
              "x": 43,
              "y": 242,
              "width": 559,
              "height": 46
            },
            "target": {
              "bounds": {
                "x": 69,
                "y": 243,
                "width": 32,
                "height": 21
              },
              "inner": {
                "x": 71,
                "y": 245,
                "width": 28,
                "height": 17
              }
            }
          }
        ]
      }
    ]
  }
]