[
  {
    "pageSize": {
      "width": 1224,
      "height": 1584
    },
    "metadata": {
      "ballotStyleId": "12",
      "electionHash": "602c9b551d08a348c3e155ba5cb336c9ef277dbf41e8b3c45726dd417934d5e8",
      "ballotType": 0,
      "precinctId": "21",
      "locales": {
        "primary": "en-US"
      },
      "isTestMode": false,
      "pageNumber": 1
    },
    "contests": [
      {
        "bounds": {
          "x": 429,
          "y": 43,
          "width": 366,
          "height": 692
        },
        "corners": [
          {
            "x": 429,
            "y": 43
          },
          {
            "x": 794,
            "y": 43
          },
          {
            "x": 429,
            "y": 734
          },
          {
            "x": 794,
            "y": 734
          }
        ],
        "options": [
          {
            "bounds": {
              "x": 429,
              "y": 187,
              "width": 366,
              "height": 95
            },
            "target": {
              "bounds": {
                "x": 455,
                "y": 190,
                "width": 31,
                "height": 22
              },
              "inner": {
                "x": 456,
                "y": 192,
                "width": 28,
                "height": 18
              }
            }
          },
          {
            "bounds": {
              "x": 429,
              "y": 282,
              "width": 366,
              "height": 94
            },
            "target": {
              "bounds": {
                "x": 454,
                "y": 285,
                "width": 32,
                "height": 21
              },
              "inner": {
                "x": 456,
                "y": 287,
                "width": 28,
                "height": 17
              }
            }
          },
          {
            "bounds": {
              "x": 429,
              "y": 376,
              "width": 366,
              "height": 95
            },
            "target": {
              "bounds": {
                "x": 455,
                "y": 379,
                "width": 31,
                "height": 22
              },
              "inner": {
                "x": 456,
                "y": 381,
                "width": 28,
                "height": 18
              }
            }
          },
          {
            "bounds": {
              "x": 429,
              "y": 472,
              "width": 366,
              "height": 70
            },
            "target": {
              "bounds": {
                "x": 454,
                "y": 474,
                "width": 32,
                "height": 21
              },
              "inner": {
                "x": 456,
                "y": 476,
                "width": 28,
                "height": 17
              }
            }
          },
          {
            "bounds": {
              "x": 429,
              "y": 541,
              "width": 366,
              "height": 95
            },
            "target": {
              "bounds": {
                "x": 455,
                "y": 544,
                "width": 31,
                "height": 22
              },
              "inner": {
                "x": 456,
                "y": 546,
                "width": 28,
                "height": 18
              }
            }
          },
          {
            "bounds": {
              "x": 429,
              "y": 636,
              "width": 366,
              "height": 96
            },
            "target": {
              "bounds": {
                "x": 454,
                "y": 639,
                "width": 32,
                "height": 21
              },
              "inner": {
                "x": 456,
                "y": 641,
                "width": 28,
                "height": 17
              }
            }
          }
        ]
      },
      {
        "bounds": {
          "x": 429,
          "y": 756,
          "width": 366,
          "height": 612
        },
        "corners": [
          {
            "x": 429,
            "y": 756
          },
          {
            "x": 794,
            "y": 756
          },
          {
            "x": 429,
            "y": 1367
          },
          {
            "x": 794,
            "y": 1367
          }
        ],
        "options": [
          {
            "bounds": {
              "x": 429,
              "y": 875,
              "width": 366,
              "height": 69
            },
            "target": {
              "bounds": {
                "x": 455,
                "y": 877,
                "width": 31,
                "height": 22
              },
              "inner": {
                "x": 456,
                "y": 879,
                "width": 28,
                "height": 18
              }
            }
          },
          {
            "bounds": {
              "x": 429,
              "y": 944,
              "width": 366,
              "height": 71
            },
            "target": {
              "bounds": {
                "x": 455,
                "y": 946,
                "width": 31,
                "height": 22
              },
              "inner": {
                "x": 456,
                "y": 948,
                "width": 28,
                "height": 18
              }
            }
          },
          {
            "bounds": {
              "x": 429,
              "y": 1015,
              "width": 366,
              "height": 70
            },
            "target": {
              "bounds": {
                "x": 454,
                "y": 1017,
                "width": 32,
                "height": 21
              },
              "inner": {
                "x": 456,
                "y": 1019,
                "width": 28,
                "height": 17
              }
            }
          },
          {
            "bounds": {
              "x": 429,
              "y": 1085,
              "width": 366,
              "height": 71
            },
            "target": {
              "bounds": {
                "x": 455,
                "y": 1087,
                "width": 31,
                "height": 22
              },
              "inner": {
                "x": 456,
                "y": 1089,
                "width": 28,
                "height": 18
              }
            }
          },
          {
            "bounds": {
              "x": 429,
              "y": 1156,
              "width": 366,
              "height": 69
            },
            "target": {
              "bounds": {
                "x": 454,
                "y": 1158,
                "width": 32,
                "height": 21
              },
              "inner": {
                "x": 456,
                "y": 1160,
                "width": 28,
                "height": 17
              }
            }
          },
          {
            "bounds": {
              "x": 429,
              "y": 1225,
              "width": 366,
              "height": 70
            },
            "target": {
              "bounds": {
                "x": 454,
                "y": 1227,
                "width": 32,
                "height": 21
              },
              "inner": {
                "x": 456,
                "y": 1229,
                "width": 28,
                "height": 17
              }
            }
          },
          {
            "bounds": {
              "x": 429,
              "y": 1295,
              "width": 366,
              "height": 71
            },
            "target": {
              "bounds": {
                "x": 455,
                "y": 1297,
                "width": 31,
                "height": 22
              },
              "inner": {
                "x": 456,
                "y": 1299,
                "width": 28,
                "height": 18
              }
            }
          }
        ]
      },
      {
        "bounds": {
          "x": 816,
          "y": 43,
          "width": 365,
          "height": 473
        },
        "corners": [
          {
            "x": 816,
            "y": 43
          },
          {
            "x": 1180,
            "y": 43
          },
          {
            "x": 816,
            "y": 515
          },
          {
            "x": 1180,
            "y": 515
          }
        ],
        "options": [
          {
            "bounds": {
              "x": 816,
              "y": 163,
              "width": 365,
              "height": 69
            },
            "target": {
              "bounds": {
                "x": 841,
                "y": 165,
                "width": 32,
                "height": 21
              },
              "inner": {
                "x": 843,
                "y": 167,
                "width": 28,
                "height": 17
              }
            }
          },
          {
            "bounds": {
              "x": 816,
              "y": 232,
              "width": 365,
              "height": 70
            },
            "target": {
              "bounds": {
                "x": 841,
                "y": 234,
                "width": 32,
                "height": 21
              },
              "inner": {
                "x": 843,
                "y": 236,
                "width": 28,
                "height": 17
              }
            }
          },
          {
            "bounds": {
              "x": 816,
              "y": 302,
              "width": 365,
              "height": 71
            },
            "target": {
              "bounds": {
                "x": 842,
                "y": 304,
                "width": 31,
                "height": 22
              },
              "inner": {
                "x": 843,
                "y": 306,
                "width": 28,
                "height": 18
              }
            }
          },
          {
            "bounds": {
              "x": 816,
              "y": 373,
              "width": 365,
              "height": 70
            },
            "target": {
              "bounds": {
                "x": 841,
                "y": 375,
                "width": 32,
                "height": 21
              },
              "inner": {
                "x": 843,
                "y": 377,
                "width": 28,
                "height": 17
              }
            }
          },
          {
            "bounds": {
              "x": 816,
              "y": 443,
              "width": 365,
              "height": 71
            },
            "target": {
              "bounds": {
                "x": 842,
                "y": 445,
                "width": 31,
                "height": 22
              },
              "inner": {
                "x": 843,
                "y": 447,
                "width": 28,
                "height": 18
              }
            }
          }
        ]
      }
    ]
  },
  {
    "pageSize": {
      "width": 1224,
      "height": 1584
    },
    "metadata": {
      "ballotStyleId": "12",
      "electionHash": "602c9b551d08a348c3e155ba5cb336c9ef277dbf41e8b3c45726dd417934d5e8",
      "ballotType": 0,
      "precinctId": "21",
      "locales": {
        "primary": "en-US"
      },
      "isTestMode": false,
      "pageNumber": 2
    },
    "contests": [
      {
        "bounds": {
          "x": 43,
          "y": 43,
          "width": 365,
          "height": 1244
        },
        "corners": [
          {
            "x": 43,
            "y": 43
          },
          {
            "x": 407,
            "y": 43
          },
          {
            "x": 43,
            "y": 1286
          },
          {
            "x": 407,
            "y": 1286
          }
        ],
        "options": [
          {
            "bounds": {
              "x": 43,
              "y": 163,
              "width": 365,
              "height": 69
            },
            "target": {
              "bounds": {
                "x": 69,
                "y": 165,
                "width": 32,
                "height": 21
              },
              "inner": {
                "x": 71,
                "y": 167,
                "width": 28,
                "height": 17
              }
            }
          },
          {
            "bounds": {
              "x": 43,
              "y": 232,
              "width": 365,
              "height": 70
            },
            "target": {
              "bounds": {
                "x": 69,
                "y": 234,
                "width": 32,
                "height": 21
              },
              "inner": {
                "x": 71,
                "y": 236,
                "width": 28,
                "height": 17
              }
            }
          },
          {
            "bounds": {
              "x": 43,
              "y": 302,
              "width": 365,
              "height": 71
            },
            "target": {
              "bounds": {
                "x": 69,
                "y": 304,
                "width": 32,
                "height": 22
              },
              "inner": {
                "x": 71,
                "y": 306,
                "width": 28,
                "height": 18
              }
            }
          },
          {
            "bounds": {
              "x": 43,
              "y": 373,
              "width": 365,
              "height": 70
            },
            "target": {
              "bounds": {
                "x": 69,
                "y": 375,
                "width": 32,
                "height": 21
              },
              "inner": {
                "x": 71,
                "y": 377,
                "width": 28,
                "height": 17
              }
            }
          },
          {
            "bounds": {
              "x": 43,
              "y": 443,
              "width": 365,
              "height": 69
            },
            "target": {
              "bounds": {
                "x": 69,
                "y": 445,
                "width": 32,
                "height": 22
              },
              "inner": {
                "x": 71,
                "y": 447,
                "width": 28,
                "height": 18
              }
            }
          },
          {
            "bounds": {
              "x": 43,
              "y": 512,
              "width": 365,
              "height": 71
            },
            "target": {
              "bounds": {
                "x": 69,
                "y": 514,
                "width": 32,
                "height": 22
              },
              "inner": {
                "x": 71,
                "y": 516,
                "width": 28,
                "height": 18
              }
            }
          },
          {
            "bounds": {
              "x": 43,
              "y": 583,
              "width": 365,
              "height": 70
            },
            "target": {
              "bounds": {
                "x": 69,
                "y": 585,
                "width": 32,
                "height": 21
              },
              "inner": {
                "x": 71,
                "y": 587,
                "width": 28,
                "height": 17
              }
            }
          },
          {
            "bounds": {
              "x": 43,
              "y": 653,
              "width": 365,
              "height": 69
            },
            "target": {
              "bounds": {
                "x": 69,
                "y": 655,
                "width": 32,
                "height": 22
              },
              "inner": {
                "x": 71,
                "y": 657,
                "width": 28,
                "height": 18
              }
            }
          },
          {
            "bounds": {
              "x": 43,
              "y": 722,
              "width": 365,
              "height": 71
            },
            "target": {
              "bounds": {
                "x": 69,
                "y": 724,
                "width": 32,
                "height": 22
              },
              "inner": {
                "x": 71,
                "y": 726,
                "width": 28,
                "height": 18
              }
            }
          },
          {
            "bounds": {
              "x": 43,
              "y": 793,
              "width": 365,
              "height": 70
            },
            "target": {
              "bounds": {
                "x": 69,
                "y": 795,
                "width": 32,
                "height": 21
              },
              "inner": {
                "x": 71,
                "y": 797,
                "width": 28,
                "height": 17
              }
            }
          },
          {
            "bounds": {
              "x": 43,
              "y": 863,
              "width": 365,
              "height": 71
            },
            "target": {
              "bounds": {
                "x": 69,
                "y": 865,
                "width": 32,
                "height": 22
              },
              "inner": {
                "x": 71,
                "y": 867,
                "width": 28,
                "height": 18
              }
            }
          },
          {
            "bounds": {
              "x": 43,
              "y": 934,
              "width": 365,
              "height": 69
            },
            "target": {
              "bounds": {
                "x": 69,
                "y": 936,
                "width": 32,
                "height": 21
              },
              "inner": {
                "x": 71,
                "y": 938,
                "width": 28,
                "height": 17
              }
            }
          },
          {
            "bounds": {
              "x": 43,
              "y": 1003,
              "width": 365,
              "height": 70
            },
            "target": {
              "bounds": {
                "x": 69,
                "y": 1005,
                "width": 32,
                "height": 21
              },
              "inner": {
                "x": 71,
                "y": 1007,
                "width": 28,
                "height": 17
              }
            }
          },
          {
            "bounds": {
              "x": 43,
              "y": 1073,
              "width": 365,
              "height": 71
            },
            "target": {
              "bounds": {
                "x": 69,
                "y": 1075,
                "width": 32,
                "height": 22
              },
              "inner": {
                "x": 71,
                "y": 1077,
                "width": 28,
                "height": 18
              }
            }
          },
          {
            "bounds": {
              "x": 43,
              "y": 1144,
              "width": 365,
              "height": 70
            },
            "target": {
              "bounds": {
                "x": 69,
                "y": 1146,
                "width": 32,
                "height": 21
              },
              "inner": {
                "x": 71,
                "y": 1148,
                "width": 28,
                "height": 17
              }
            }
          },
          {
            "bounds": {
              "x": 43,
              "y": 1214,
              "width": 365,
              "height": 71
            },
            "target": {
              "bounds": {
                "x": 69,
                "y": 1216,
                "width": 32,
                "height": 22
              },
              "inner": {
                "x": 71,
                "y": 1218,
                "width": 28,
                "height": 18
              }
            }
          }
        ]
      },
      {
        "bounds": {
          "x": 429,
          "y": 44,
          "width": 366,
          "height": 753
        },
        "corners": [
          {
            "x": 429,
            "y": 44
          },
          {
            "x": 794,
            "y": 44
          },
          {
            "x": 429,
            "y": 796
          },
          {
            "x": 794,
            "y": 796
          }
        ],
        "options": [
          {
            "bounds": {
              "x": 429,
              "y": 163,
              "width": 366,
              "height": 69
            },
            "target": {
              "bounds": {
                "x": 454,
                "y": 165,
                "width": 32,
                "height": 21
              },
              "inner": {
                "x": 456,
                "y": 167,
                "width": 28,
                "height": 17
              }
            }
          },
          {
            "bounds": {
              "x": 429,
              "y": 232,
              "width": 366,
              "height": 70
            },
            "target": {
              "bounds": {
                "x": 454,
                "y": 234,
                "width": 32,
                "height": 21
              },
              "inner": {
                "x": 456,
                "y": 236,
                "width": 28,
                "height": 17
              }
            }
          },
          {
            "bounds": {
              "x": 429,
              "y": 302,
              "width": 366,
              "height": 71
            },
            "target": {
              "bounds": {
                "x": 454,
                "y": 304,
                "width": 32,
                "height": 22
              },
              "inner": {
                "x": 456,
                "y": 306,
                "width": 28,
                "height": 18
              }
            }
          },
          {
            "bounds": {
              "x": 429,
              "y": 373,
              "width": 366,
              "height": 70
            },
            "target": {
              "bounds": {
                "x": 454,
                "y": 375,
                "width": 32,
                "height": 21
              },
              "inner": {
                "x": 456,
                "y": 377,
                "width": 28,
                "height": 17
              }
            }
          },
          {
            "bounds": {
              "x": 429,
              "y": 443,
              "width": 366,
              "height": 69
            },
            "target": {
              "bounds": {
                "x": 454,
                "y": 445,
                "width": 32,
                "height": 22
              },
              "inner": {
                "x": 456,
                "y": 447,
                "width": 28,
                "height": 18
              }
            }
          },
          {
            "bounds": {
              "x": 429,
              "y": 512,
              "width": 366,
              "height": 71
            },
            "target": {
              "bounds": {
                "x": 454,
                "y": 514,
                "width": 32,
                "height": 22
              },
              "inner": {
                "x": 456,
                "y": 516,
                "width": 28,
                "height": 18
              }
            }
          },
          {
            "bounds": {
              "x": 429,
              "y": 583,
              "width": 366,
              "height": 70
            },
            "target": {
              "bounds": {
                "x": 454,
                "y": 585,
                "width": 32,
                "height": 21
              },
              "inner": {
                "x": 456,
                "y": 587,
                "width": 28,
                "height": 17
              }
            }
          },
          {
            "bounds": {
              "x": 429,
              "y": 653,
              "width": 366,
              "height": 69
            },
            "target": {
              "bounds": {
                "x": 454,
                "y": 655,
                "width": 32,
                "height": 22
              },
              "inner": {
                "x": 456,
                "y": 657,
                "width": 28,
                "height": 18
              }
            }
          },
          {
            "bounds": {
              "x": 429,
              "y": 722,
              "width": 366,
              "height": 73
            },
            "target": {
              "bounds": {
                "x": 454,
                "y": 724,
                "width": 32,
                "height": 22
              },
              "inner": {
                "x": 456,
                "y": 726,
                "width": 28,
                "height": 18
              }
            }
          }
        ]
      },
      {
        "bounds": {
          "x": 429,
          "y": 817,
          "width": 366,
          "height": 263
        },
        "corners": [
          {
            "x": 429,
            "y": 817
          },
          {
            "x": 794,
            "y": 817
          },
          {
            "x": 429,
            "y": 1079
          },
          {
            "x": 794,
            "y": 1079
          }
        ],
        "options": [
          {
            "bounds": {
              "x": 429,
              "y": 937,
              "width": 366,
              "height": 70
            },
            "target": {
              "bounds": {
                "x": 454,
                "y": 939,
                "width": 32,
                "height": 21
              },
              "inner": {
                "x": 456,
                "y": 941,
                "width": 28,
                "height": 17
              }
            }
          },
          {
            "bounds": {
              "x": 429,
              "y": 1007,
              "width": 366,
              "height": 71
            },
            "target": {
              "bounds": {
                "x": 454,
                "y": 1009,
                "width": 32,
                "height": 22
              },
              "inner": {
                "x": 456,
                "y": 1011,
                "width": 28,
                "height": 18
              }
            }
          }
        ]
      },
      {
        "bounds": {
          "x": 816,
          "y": 44,
          "width": 365,
          "height": 192
        },
        "corners": [
          {
            "x": 816,
            "y": 44
          },
          {
            "x": 1180,
            "y": 44
          },
          {
            "x": 816,
            "y": 235
          },
          {
            "x": 1180,
            "y": 235
          }
        ],
        "options": [
          {
            "bounds": {
              "x": 816,
              "y": 44,
              "width": 365,
              "height": 192
            },
            "target": {
              "bounds": {
                "x": 841,
                "y": 165,
                "width": 32,
                "height": 21
              },
              "inner": {
                "x": 843,
                "y": 167,
                "width": 28,
                "height": 17
              }
            }
          }
        ]
      },
      {
        "bounds": {
          "x": 816,
          "y": 256,
          "width": 365,
          "height": 359
        },
        "corners": [
          {
            "x": 816,
            "y": 256
          },
          {
            "x": 1180,
            "y": 256
          },
          {
            "x": 816,
            "y": 614
          },
          {
            "x": 1180,
            "y": 614
          }
        ],
        "options": [
          {
            "bounds": {
              "x": 816,
              "y": 401,
              "width": 365,
              "height": 71
            },
            "target": {
              "bounds": {
                "x": 841,
                "y": 403,
                "width": 32,
                "height": 22
              },
              "inner": {
                "x": 843,
                "y": 405,
                "width": 28,
                "height": 18
              }
            }
          },
          {
            "bounds": {
              "x": 816,
              "y": 472,
              "width": 365,
              "height": 70
            },
            "target": {
              "bounds": {
                "x": 841,
                "y": 474,
                "width": 32,
                "height": 21
              },
              "inner": {
                "x": 843,
                "y": 476,
                "width": 28,
                "height": 17
              }
            }
          },
          {
            "bounds": {
              "x": 816,
              "y": 542,
              "width": 365,
              "height": 71
            },
            "target": {
              "bounds": {
                "x": 841,
                "y": 544,
                "width": 32,
                "height": 22
              },
              "inner": {
                "x": 843,
                "y": 546,
                "width": 28,
                "height": 18
              }
            }
          }
        ]
      }
    ]
  },
  {
    "pageSize": {
      "width": 1224,
      "height": 1584
    },
    "metadata": {
      "ballotStyleId": "12",
      "electionHash": "602c9b551d08a348c3e155ba5cb336c9ef277dbf41e8b3c45726dd417934d5e8",
      "ballotType": 0,
      "precinctId": "21",
      "locales": {
        "primary": "en-US"
      },
      "isTestMode": false,
      "pageNumber": 3
    },
    "contests": [
      {
        "bounds": {
          "x": 43,
          "y": 43,
          "width": 365,
          "height": 1125
        },
        "corners": [
          {
            "x": 43,
            "y": 43
          },
          {
            "x": 407,
            "y": 43
          },
          {
            "x": 43,
            "y": 1167
          },
          {
            "x": 407,
            "y": 1167
          }
        ],
        "options": [
          {
            "bounds": {
              "x": 43,
              "y": 163,
              "width": 365,
              "height": 69
            },
            "target": {
              "bounds": {
                "x": 69,
                "y": 165,
                "width": 32,
                "height": 21
              },
              "inner": {
                "x": 71,
                "y": 167,
                "width": 28,
                "height": 17
              }
            }
          },
          {
            "bounds": {
              "x": 43,
              "y": 232,
              "width": 365,
              "height": 70
            },
            "target": {
              "bounds": {
                "x": 69,
                "y": 234,
                "width": 32,
                "height": 21
              },
              "inner": {
                "x": 71,
                "y": 236,
                "width": 28,
                "height": 17
              }
            }
          },
          {
            "bounds": {
              "x": 43,
              "y": 302,
              "width": 365,
              "height": 71
            },
            "target": {
              "bounds": {
                "x": 69,
                "y": 304,
                "width": 32,
                "height": 22
              },
              "inner": {
                "x": 71,
                "y": 306,
                "width": 28,
                "height": 18
              }
            }
          },
          {
            "bounds": {
              "x": 43,
              "y": 373,
              "width": 365,
              "height": 70
            },
            "target": {
              "bounds": {
                "x": 69,
                "y": 375,
                "width": 32,
                "height": 21
              },
              "inner": {
                "x": 71,
                "y": 377,
                "width": 28,
                "height": 17
              }
            }
          },
          {
            "bounds": {
              "x": 43,
              "y": 443,
              "width": 365,
              "height": 69
            },
            "target": {
              "bounds": {
                "x": 69,
                "y": 445,
                "width": 32,
                "height": 22
              },
              "inner": {
                "x": 71,
                "y": 447,
                "width": 28,
                "height": 18
              }
            }
          },
          {
            "bounds": {
              "x": 43,
              "y": 512,
              "width": 365,
              "height": 71
            },
            "target": {
              "bounds": {
                "x": 69,
                "y": 514,
                "width": 32,
                "height": 22
              },
              "inner": {
                "x": 71,
                "y": 516,
                "width": 28,
                "height": 18
              }
            }
          },
          {
            "bounds": {
              "x": 43,
              "y": 583,
              "width": 365,
              "height": 70
            },
            "target": {
              "bounds": {
                "x": 69,
                "y": 585,
                "width": 32,
                "height": 21
              },
              "inner": {
                "x": 71,
                "y": 587,
                "width": 28,
                "height": 17
              }
            }
          },
          {
            "bounds": {
              "x": 43,
              "y": 653,
              "width": 365,
              "height": 69
            },
            "target": {
              "bounds": {
                "x": 69,
                "y": 655,
                "width": 32,
                "height": 22
              },
              "inner": {
                "x": 71,
                "y": 657,
                "width": 28,
                "height": 18
              }
            }
          },
          {
            "bounds": {
              "x": 43,
              "y": 722,
              "width": 365,
              "height": 71
            },
            "target": {
              "bounds": {
                "x": 69,
                "y": 724,
                "width": 32,
                "height": 22
              },
              "inner": {
                "x": 71,
                "y": 726,
                "width": 28,
                "height": 18
              }
            }
          },
          {
            "bounds": {
              "x": 43,
              "y": 793,
              "width": 365,
              "height": 70
            },
            "target": {
              "bounds": {
                "x": 69,
                "y": 795,
                "width": 32,
                "height": 21
              },
              "inner": {
                "x": 71,
                "y": 797,
                "width": 28,
                "height": 17
              }
            }
          },
          {
            "bounds": {
              "x": 43,
              "y": 863,
              "width": 365,
              "height": 71
            },
            "target": {
              "bounds": {
                "x": 69,
                "y": 865,
                "width": 32,
                "height": 22
              },
              "inner": {
                "x": 71,
                "y": 867,
                "width": 28,
                "height": 18
              }
            }
          },
          {
            "bounds": {
              "x": 43,
              "y": 934,
              "width": 365,
              "height": 55
            },
            "target": {
              "bounds": {
                "x": 69,
                "y": 936,
                "width": 32,
                "height": 21
              },
              "inner": {
                "x": 71,
                "y": 938,
                "width": 28,
                "height": 17
              }
            }
          },
          {
            "bounds": {
              "x": 43,
              "y": 989,
              "width": 365,
              "height": 54
            },
            "target": {
              "bounds": {
                "x": 69,
                "y": 991,
                "width": 32,
                "height": 22
              },
              "inner": {
                "x": 71,
                "y": 993,
                "width": 28,
                "height": 18
              }
            }
          },
          {
            "bounds": {
              "x": 43,
              "y": 1043,
              "width": 365,
              "height": 56
            },
            "target": {
              "bounds": {
                "x": 69,
                "y": 1045,
                "width": 32,
                "height": 22
              },
              "inner": {
                "x": 71,
                "y": 1047,
                "width": 28,
                "height": 18
              }
            }
          },
          {
            "bounds": {
              "x": 43,
              "y": 1099,
              "width": 365,
              "height": 67
            },
            "target": {
              "bounds": {
                "x": 69,
                "y": 1101,
                "width": 32,
                "height": 21
              },
              "inner": {
                "x": 71,
                "y": 1103,
                "width": 28,
                "height": 17
              }
            }
          }
        ]
      },
      {
        "bounds": {
          "x": 429,
          "y": 44,
          "width": 366,
          "height": 258
        },
        "corners": [
          {
            "x": 429,
            "y": 44
          },
          {
            "x": 794,
            "y": 44
          },
          {
            "x": 429,
            "y": 301
          },
          {
            "x": 794,
            "y": 301
          }
        ],
        "options": [
          {
            "bounds": {
              "x": 429,
              "y": 163,
              "width": 366,
              "height": 69
            },
            "target": {
              "bounds": {
                "x": 454,
                "y": 165,
                "width": 32,
                "height": 21
              },
              "inner": {
                "x": 456,
                "y": 167,
                "width": 28,
                "height": 17
              }
            }
          },
          {
            "bounds": {
              "x": 429,
              "y": 232,
              "width": 366,
              "height": 68
            },
            "target": {
              "bounds": {
                "x": 454,
                "y": 234,
                "width": 32,
                "height": 21
              },
              "inner": {
                "x": 456,
                "y": 236,
                "width": 28,
                "height": 17
              }
            }
          }
        ]
      },
      {
        "bounds": {
          "x": 429,
          "y": 322,
          "width": 366,
          "height": 329
        },
        "corners": [
          {
            "x": 429,
            "y": 322
          },
          {
            "x": 794,
            "y": 322
          },
          {
            "x": 429,
            "y": 650
          },
          {
            "x": 794,
            "y": 650
          }
        ],
        "options": [
          {
            "bounds": {
              "x": 429,
              "y": 442,
              "width": 366,
              "height": 70
            },
            "target": {
              "bounds": {
                "x": 454,
                "y": 444,
                "width": 32,
                "height": 21
              },
              "inner": {
                "x": 456,
                "y": 446,
                "width": 28,
                "height": 17
              }
            }
          },
          {
            "bounds": {
              "x": 429,
              "y": 512,
              "width": 366,
              "height": 69
            },
            "target": {
              "bounds": {
                "x": 454,
                "y": 514,
                "width": 32,
                "height": 22
              },
              "inner": {
                "x": 456,
                "y": 516,
                "width": 28,
                "height": 18
              }
            }
          },
          {
            "bounds": {
              "x": 429,
              "y": 581,
              "width": 366,
              "height": 68
            },
            "target": {
              "bounds": {
                "x": 454,
                "y": 583,
                "width": 32,
                "height": 22
              },
              "inner": {
                "x": 456,
                "y": 585,
                "width": 28,
                "height": 18
              }
            }
          }
        ]
      },
      {
        "bounds": {
          "x": 816,
          "y": 44,
          "width": 365,
          "height": 718
        },
        "corners": [
          {
            "x": 816,
            "y": 44
          },
          {
            "x": 1180,
            "y": 44
          },
          {
            "x": 816,
            "y": 761
          },
          {
            "x": 1180,
            "y": 761
          }
        ],
        "options": [
          {
            "bounds": {
              "x": 816,
              "y": 163,
              "width": 365,
              "height": 69
            },
            "target": {
              "bounds": {
                "x": 841,
                "y": 165,
                "width": 32,
                "height": 21
              },
              "inner": {
                "x": 843,
                "y": 167,
                "width": 28,
                "height": 17
              }
            }
          },
          {
            "bounds": {
              "x": 816,
              "y": 232,
              "width": 365,
              "height": 70
            },
            "target": {
              "bounds": {
                "x": 841,
                "y": 234,
                "width": 32,
                "height": 21
              },
              "inner": {
                "x": 843,
                "y": 236,
                "width": 28,
                "height": 17
              }
            }
          },
          {
            "bounds": {
              "x": 816,
              "y": 302,
              "width": 365,
              "height": 71
            },
            "target": {
              "bounds": {
                "x": 841,
                "y": 304,
                "width": 32,
                "height": 22
              },
              "inner": {
                "x": 843,
                "y": 306,
                "width": 28,
                "height": 18
              }
            }
          },
          {
            "bounds": {
              "x": 816,
              "y": 373,
              "width": 365,
              "height": 70
            },
            "target": {
              "bounds": {
                "x": 841,
                "y": 375,
                "width": 32,
                "height": 21
              },
              "inner": {
                "x": 843,
                "y": 377,
                "width": 28,
                "height": 17
              }
            }
          },
          {
            "bounds": {
              "x": 816,
              "y": 443,
              "width": 365,
              "height": 69
            },
            "target": {
              "bounds": {
                "x": 841,
                "y": 445,
                "width": 32,
                "height": 22
              },
              "inner": {
                "x": 843,
                "y": 447,
                "width": 28,
                "height": 18
              }
            }
          },
          {
            "bounds": {
              "x": 816,
              "y": 512,
              "width": 365,
              "height": 71
            },
            "target": {
              "bounds": {
                "x": 841,
                "y": 514,
                "width": 32,
                "height": 22
              },
              "inner": {
                "x": 843,
                "y": 516,
                "width": 28,
                "height": 18
              }
            }
          },
          {
            "bounds": {
              "x": 816,
              "y": 583,
              "width": 365,
              "height": 55
            },
            "target": {
              "bounds": {
                "x": 841,
                "y": 585,
                "width": 32,
                "height": 21
              },
              "inner": {
                "x": 843,
                "y": 587,
                "width": 28,
                "height": 17
              }
            }
          },
          {
            "bounds": {
              "x": 816,
              "y": 638,
              "width": 365,
              "height": 56
            },
            "target": {
              "bounds": {
                "x": 841,
                "y": 640,
                "width": 32,
                "height": 22
              },
              "inner": {
                "x": 843,
                "y": 642,
                "width": 28,
                "height": 18
              }
            }
          },
          {
            "bounds": {
              "x": 816,
              "y": 694,
              "width": 365,
              "height": 66
            },
            "target": {
              "bounds": {
                "x": 841,
                "y": 696,
                "width": 32,
                "height": 21
              },
              "inner": {
                "x": 843,
                "y": 698,
                "width": 28,
                "height": 17
              }
            }
          }
        ]
      }
    ]
  },
  {
    "pageSize": {
      "width": 1224,
      "height": 1584
    },
    "metadata": {
      "ballotStyleId": "12",
      "electionHash": "602c9b551d08a348c3e155ba5cb336c9ef277dbf41e8b3c45726dd417934d5e8",
      "ballotType": 0,
      "precinctId": "21",
      "locales": {
        "primary": "en-US"
      },
      "isTestMode": false,
      "pageNumber": 4
    },
    "contests": [
      {
        "bounds": {
          "x": 43,
          "y": 43,
          "width": 559,
          "height": 265
        },
        "corners": [
          {
            "x": 43,
            "y": 43
          },
          {
            "x": 601,
            "y": 43
          },
          {
            "x": 43,
            "y": 307
          },
          {
            "x": 601,
            "y": 307
          }
        ],
        "options": [
          {
            "bounds": {
              "x": 43,
              "y": 215,
              "width": 559,
              "height": 45
            },
            "target": {
              "bounds": {
                "x": 69,
                "y": 216,
                "width": 32,
                "height": 21
              },
              "inner": {
                "x": 71,
                "y": 218,
                "width": 28,
                "height": 17
              }
            }
          },
          {
            "bounds": {
              "x": 43,
              "y": 260,
              "width": 559,
              "height": 47
            },
            "target": {
              "bounds": {
                "x": 69,
                "y": 261,
                "width": 32,
                "height": 21
              },
              "inner": {
                "x": 71,
                "y": 263,
                "width": 28,
                "height": 17
              }
            }
          }
        ]
      },
      {
        "bounds": {
          "x": 43,
          "y": 328,
          "width": 559,
          "height": 266
        },
        "corners": [
          {
            "x": 43,
            "y": 328
          },
          {
            "x": 601,
            "y": 328
          },
          {
            "x": 43,
            "y": 593
          },
          {
            "x": 601,
            "y": 593
          }
        ],
        "options": [
          {
            "bounds": {
              "x": 43,
              "y": 501,
              "width": 559,
              "height": 45
            },
            "target": {
              "bounds": {
                "x": 69,
                "y": 502,
                "width": 32,
                "height": 22
              },
              "inner": {
                "x": 71,
                "y": 504,
                "width": 28,
                "height": 18
              }
            }
          },
          {
            "bounds": {
              "x": 43,
              "y": 546,
              "width": 559,
              "height": 47
            },
            "target": {
              "bounds": {
                "x": 69,
                "y": 547,
                "width": 32,
                "height": 22
              },
              "inner": {
                "x": 71,
                "y": 549,
                "width": 28,
                "height": 18
              }
            }
          }
        ]
      },
      {
        "bounds": {
          "x": 43,
          "y": 615,
          "width": 559,
          "height": 338
        },
        "corners": [
          {
            "x": 43,
            "y": 615
          },
          {
            "x": 601,
            "y": 615
          },
          {
            "x": 43,
            "y": 952
          },
          {
            "x": 601,
            "y": 952
          }
        ],
        "options": [
          {
            "bounds": {
              "x": 43,
              "y": 860,
              "width": 559,
              "height": 45
            },
            "target": {
              "bounds": {
                "x": 69,
                "y": 861,
                "width": 32,
                "height": 21
              },
              "inner": {
                "x": 71,
                "y": 863,
                "width": 28,
                "height": 17
              }
            }
          },
          {
            "bounds": {
              "x": 43,
              "y": 905,
              "width": 559,
              "height": 47
            },
            "target": {
              "bounds": {
                "x": 69,
                "y": 906,
                "width": 32,
                "height": 21
              },
              "inner": {
                "x": 71,
                "y": 908,
                "width": 28,
                "height": 17
              }
            }
          }
        ]
      },
      {
        "bounds": {
          "x": 622,
          "y": 44,
          "width": 559,
          "height": 466
        },
        "corners": [
          {
            "x": 622,
            "y": 44
          },
          {
            "x": 1180,
            "y": 44
          },
          {
            "x": 622,
            "y": 509
          },
          {
            "x": 1180,
            "y": 509
          }
        ],
        "options": [
          {
            "bounds": {
              "x": 622,
              "y": 419,
              "width": 559,
              "height": 45
            },
            "target": {
              "bounds": {
                "x": 648,
                "y": 420,
                "width": 32,
                "height": 21
              },
              "inner": {
                "x": 650,
                "y": 422,
                "width": 28,
                "height": 17
              }
            }
          },
          {
            "bounds": {
              "x": 622,
              "y": 464,
              "width": 559,
              "height": 45
            },
            "target": {
              "bounds": {
                "x": 648,
                "y": 465,
                "width": 32,
                "height": 21
              },
              "inner": {
                "x": 650,
                "y": 467,
                "width": 28,
                "height": 17
              }
            }
          }
        ]
      },
      {
        "bounds": {
          "x": 622,
          "y": 531,
          "width": 559,
          "height": 329
        },
        "corners": [
          {
            "x": 622,
            "y": 531
          },
          {
            "x": 1180,
            "y": 531
          },
          {
            "x": 622,
            "y": 859
          },
          {
            "x": 1180,
            "y": 859
          }
        ],
        "options": [
          {
            "bounds": {
              "x": 622,
              "y": 767,
              "width": 559,
              "height": 45
            },
            "target": {
              "bounds": {
                "x": 648,
                "y": 768,
                "width": 32,
                "height": 21
              },
              "inner": {
                "x": 650,
                "y": 770,
                "width": 28,
                "height": 17
              }
            }
          },
          {
            "bounds": {
              "x": 622,
              "y": 812,
              "width": 559,
              "height": 47
            },
            "target": {
              "bounds": {
                "x": 648,
                "y": 813,
                "width": 32,
                "height": 21
              },
              "inner": {
                "x": 650,
                "y": 815,
                "width": 28,
                "height": 17
              }
            }
          }
        ]
      },
      {
        "bounds": {
          "x": 622,
          "y": 880,
          "width": 559,
          "height": 383
        },
        "corners": [
          {
            "x": 622,
            "y": 880
          },
          {
            "x": 1180,
            "y": 880
          },
          {
            "x": 622,
            "y": 1262
          },
          {
            "x": 1180,
            "y": 1262
          }
        ],
        "options": [
          {
            "bounds": {
              "x": 622,
              "y": 1170,
              "width": 559,
              "height": 45
            },
            "target": {
              "bounds": {
                "x": 648,
                "y": 1171,
                "width": 32,
                "height": 22
              },
              "inner": {
                "x": 650,
                "y": 1173,
                "width": 28,
                "height": 18
              }
            }
          },
          {
            "bounds": {
              "x": 622,
              "y": 1215,
              "width": 559,
              "height": 47
            },
            "target": {
              "bounds": {
                "x": 648,
                "y": 1216,
                "width": 32,
                "height": 22
              },
              "inner": {
                "x": 650,
                "y": 1218,
                "width": 28,
                "height": 18
              }
            }
          }
        ]
      }
    ]
  },
  {
    "pageSize": {
      "width": 1224,
      "height": 1584
    },
    "metadata": {
      "ballotStyleId": "12",
      "electionHash": "602c9b551d08a348c3e155ba5cb336c9ef277dbf41e8b3c45726dd417934d5e8",
      "ballotType": 0,
      "precinctId": "21",
      "locales": {
        "primary": "en-US"
      },
      "isTestMode": false,
      "pageNumber": 5
    },
    "contests": [
      {
        "bounds": {
          "x": 43,
          "y": 43,
          "width": 559,
          "height": 376
        },
        "corners": [
          {
            "x": 43,
            "y": 43
          },
          {
            "x": 601,
            "y": 43
          },
          {
            "x": 43,
            "y": 418
          },
          {
            "x": 601,
            "y": 418
          }
        ],
        "options": [
          {
            "bounds": {
              "x": 43,
              "y": 326,
              "width": 559,
              "height": 45
            },
            "target": {
              "bounds": {
                "x": 69,
                "y": 327,
                "width": 32,
                "height": 21
              },
              "inner": {
                "x": 71,
                "y": 329,
                "width": 28,
                "height": 17
              }
            }
          },
          {
            "bounds": {
              "x": 43,
              "y": 371,
              "width": 559,
              "height": 47
            },
            "target": {
              "bounds": {
                "x": 69,
                "y": 372,
                "width": 32,
                "height": 21
              },
              "inner": {
                "x": 71,
                "y": 374,
                "width": 28,
                "height": 17
              }
            }
          }
        ]
      },
      {
        "bounds": {
          "x": 622,
          "y": 44,
          "width": 559,
          "height": 337
        },
        "corners": [
          {
            "x": 622,
            "y": 44
          },
          {
            "x": 1180,
            "y": 44
          },
          {
            "x": 622,
            "y": 380
          },
          {
            "x": 1180,
            "y": 380
          }
        ],
        "options": [
          {
            "bounds": {
              "x": 622,
              "y": 288,
              "width": 559,
              "height": 47
            },
            "target": {
              "bounds": {
                "x": 648,
                "y": 289,
                "width": 32,
                "height": 22
              },
              "inner": {
                "x": 650,
                "y": 291,
                "width": 28,
                "height": 18
              }
            }
          },
          {
            "bounds": {
              "x": 622,
              "y": 335,
              "width": 559,
              "height": 45
            },
            "target": {
              "bounds": {
                "x": 648,
                "y": 336,
                "width": 32,
                "height": 21
              },
              "inner": {
                "x": 650,
                "y": 338,
                "width": 28,
                "height": 17
              }
            }
          }
        ]
      }
    ]
  },
  {
    "pageSize": {
      "width": 1224,
      "height": 1584
    },
    "metadata": {
      "ballotStyleId": "12",
      "electionHash": "602c9b551d08a348c3e155ba5cb336c9ef277dbf41e8b3c45726dd417934d5e8",
      "ballotType": 0,
      "precinctId": "21",
      "locales": {
        "primary": "en-US"
      },
      "isTestMode": false,
      "pageNumber": 6
    },
    "contests": []
  }
]