[
  {
    "pageSize": {
      "width": 1224,
      "height": 1584
    },
    "metadata": {
      "ballotStyleId": "7C",
      "electionHash": "602c9b551d08a348c3e155ba5cb336c9ef277dbf41e8b3c45726dd417934d5e8",
      "ballotType": 0,
      "precinctId": "20",
      "locales": {
        "primary": "en-US"
      },
      "isTestMode": false,
      "pageNumber": 1
    },
    "contests": [
      {
        "bounds": {
          "x": 429,
          "y": 43,
          "width": 366,
          "height": 239
        },
        "corners": [
          {
            "x": 429,
            "y": 43
          },
          {
            "x": 794,
            "y": 43
          },
          {
            "x": 429,
            "y": 281
          },
          {
            "x": 794,
            "y": 281
          }
        ],
        "options": [
          {
            "bounds": {
              "x": 429,
              "y": 163,
              "width": 366,
              "height": 69
            },
            "target": {
              "bounds": {
                "x": 454,
                "y": 165,
                "width": 32,
                "height": 21
              },
              "inner": {
                "x": 456,
                "y": 167,
                "width": 28,
                "height": 17
              }
            }
          },
          {
            "bounds": {
              "x": 429,
              "y": 233,
              "width": 366,
              "height": 48
            },
            "target": {
              "bounds": {
                "x": 454,
                "y": 234,
                "width": 32,
                "height": 21
              },
              "inner": {
                "x": 456,
                "y": 236,
                "width": 28,
                "height": 17
              }
            }
          }
        ]
      }
    ]
  },
  {
    "pageSize": {
      "width": 1224,
      "height": 1584
    },
    "metadata": {
      "ballotStyleId": "7C",
      "electionHash": "602c9b551d08a348c3e155ba5cb336c9ef277dbf41e8b3c45726dd417934d5e8",
      "ballotType": 0,
      "precinctId": "20",
      "locales": {
        "primary": "en-US"
      },
      "isTestMode": false,
      "pageNumber": 2
    },
    "contests": []
  }
]