[
  {
    "pageSize": {
      "width": 1224,
      "height": 1584
    },
    "metadata": {
      "ballotStyleId": "12",
      "electionHash": "602c9b551d08a348c3e155ba5cb336c9ef277dbf41e8b3c45726dd417934d5e8",
      "ballotType": 0,
      "precinctId": "21",
      "locales": {
        "primary": "en-US",
        "secondary": "es-US"
      },
      "isTestMode": false,
      "pageNumber": 1
    },
    "contests": [
      {
        "bounds": {
          "x": 429,
          "y": 43,
          "width": 366,
          "height": 721
        },
        "corners": [
          {
            "x": 429,
            "y": 43
          },
          {
            "x": 794,
            "y": 43
          },
          {
            "x": 429,
            "y": 763
          },
          {
            "x": 794,
            "y": 763
          }
        ],
        "options": [
          {
            "bounds": {
              "x": 429,
              "y": 216,
              "width": 366,
              "height": 94
            },
            "target": {
              "bounds": {
                "x": 454,
                "y": 219,
                "width": 32,
                "height": 21
              },
              "inner": {
                "x": 456,
                "y": 221,
                "width": 28,
                "height": 17
              }
            }
          },
          {
            "bounds": {
              "x": 429,
              "y": 310,
              "width": 366,
              "height": 95
            },
            "target": {
              "bounds": {
                "x": 455,
                "y": 313,
                "width": 31,
                "height": 22
              },
              "inner": {
                "x": 456,
                "y": 315,
                "width": 28,
                "height": 18
              }
            }
          },
          {
            "bounds": {
              "x": 429,
              "y": 405,
              "width": 366,
              "height": 94
            },
            "target": {
              "bounds": {
                "x": 454,
                "y": 408,
                "width": 32,
                "height": 21
              },
              "inner": {
                "x": 456,
                "y": 410,
                "width": 28,
                "height": 17
              }
            }
          },
          {
            "bounds": {
              "x": 429,
              "y": 500,
              "width": 366,
              "height": 71
            },
            "target": {
              "bounds": {
                "x": 455,
                "y": 502,
                "width": 31,
                "height": 22
              },
              "inner": {
                "x": 456,
                "y": 504,
                "width": 28,
                "height": 18
              }
            }
          },
          {
            "bounds": {
              "x": 429,
              "y": 570,
              "width": 366,
              "height": 94
            },
            "target": {
              "bounds": {
                "x": 454,
                "y": 573,
                "width": 32,
                "height": 21
              },
              "inner": {
                "x": 456,
                "y": 575,
                "width": 28,
                "height": 17
              }
            }
          },
          {
            "bounds": {
              "x": 429,
              "y": 664,
              "width": 366,
              "height": 97
            },
            "target": {
              "bounds": {
                "x": 455,
                "y": 667,
                "width": 31,
                "height": 22
              },
              "inner": {
                "x": 456,
                "y": 669,
                "width": 28,
                "height": 18
              }
            }
          }
        ]
      },
      {
        "bounds": {
          "x": 429,
          "y": 784,
          "width": 366,
          "height": 616
        },
        "corners": [
          {
            "x": 429,
            "y": 784
          },
          {
            "x": 794,
            "y": 784
          },
          {
            "x": 429,
            "y": 1399
          },
          {
            "x": 794,
            "y": 1399
          }
        ],
        "options": [
          {
            "bounds": {
              "x": 429,
              "y": 905,
              "width": 366,
              "height": 71
            },
            "target": {
              "bounds": {
                "x": 455,
                "y": 907,
                "width": 31,
                "height": 22
              },
              "inner": {
                "x": 456,
                "y": 909,
                "width": 28,
                "height": 18
              }
            }
          },
          {
            "bounds": {
              "x": 429,
              "y": 976,
              "width": 366,
              "height": 69
            },
            "target": {
              "bounds": {
                "x": 454,
                "y": 978,
                "width": 32,
                "height": 21
              },
              "inner": {
                "x": 456,
                "y": 980,
                "width": 28,
                "height": 17
              }
            }
          },
          {
            "bounds": {
              "x": 429,
              "y": 1045,
              "width": 366,
              "height": 70
            },
            "target": {
              "bounds": {
                "x": 454,
                "y": 1047,
                "width": 32,
                "height": 21
              },
              "inner": {
                "x": 456,
                "y": 1049,
                "width": 28,
                "height": 17
              }
            }
          },
          {
            "bounds": {
              "x": 429,
              "y": 1115,
              "width": 366,
              "height": 71
            },
            "target": {
              "bounds": {
                "x": 455,
                "y": 1117,
                "width": 31,
                "height": 22
              },
              "inner": {
                "x": 456,
                "y": 1119,
                "width": 28,
                "height": 18
              }
            }
          },
          {
            "bounds": {
              "x": 429,
              "y": 1186,
              "width": 366,
              "height": 69
            },
            "target": {
              "bounds": {
                "x": 454,
                "y": 1188,
                "width": 32,
                "height": 21
              },
              "inner": {
                "x": 456,
                "y": 1190,
                "width": 28,
                "height": 17
              }
            }
          },
          {
            "bounds": {
              "x": 429,
              "y": 1255,
              "width": 366,
              "height": 70
            },
            "target": {
              "bounds": {
                "x": 454,
                "y": 1257,
                "width": 32,
                "height": 21
              },
              "inner": {
                "x": 456,
                "y": 1259,
                "width": 28,
                "height": 17
              }
            }
          },
          {
            "bounds": {
              "x": 429,
              "y": 1325,
              "width": 366,
              "height": 73
            },
            "target": {
              "bounds": {
                "x": 455,
                "y": 1327,
                "width": 31,
                "height": 22
              },
              "inner": {
                "x": 456,
                "y": 1329,
                "width": 28,
                "height": 18
              }
            }
          }
        ]
      },
      {
        "bounds": {
          "x": 816,
          "y": 43,
          "width": 365,
          "height": 500
        },
        "corners": [
          {
            "x": 816,
            "y": 43
          },
          {
            "x": 1180,
            "y": 43
          },
          {
            "x": 816,
            "y": 542
          },
          {
            "x": 1180,
            "y": 542
          }
        ],
        "options": [
          {
            "bounds": {
              "x": 816,
              "y": 190,
              "width": 365,
              "height": 70
            },
            "target": {
              "bounds": {
                "x": 841,
                "y": 192,
                "width": 32,
                "height": 21
              },
              "inner": {
                "x": 843,
                "y": 194,
                "width": 28,
                "height": 17
              }
            }
          },
          {
            "bounds": {
              "x": 816,
              "y": 260,
              "width": 365,
              "height": 69
            },
            "target": {
              "bounds": {
                "x": 842,
                "y": 262,
                "width": 31,
                "height": 22
              },
              "inner": {
                "x": 843,
                "y": 264,
                "width": 28,
                "height": 18
              }
            }
          },
          {
            "bounds": {
              "x": 816,
              "y": 329,
              "width": 365,
              "height": 71
            },
            "target": {
              "bounds": {
                "x": 842,
                "y": 331,
                "width": 31,
                "height": 22
              },
              "inner": {
                "x": 843,
                "y": 333,
                "width": 28,
                "height": 18
              }
            }
          },
          {
            "bounds": {
              "x": 816,
              "y": 400,
              "width": 365,
              "height": 70
            },
            "target": {
              "bounds": {
                "x": 841,
                "y": 402,
                "width": 32,
                "height": 21
              },
              "inner": {
                "x": 843,
                "y": 404,
                "width": 28,
                "height": 17
              }
            }
          },
          {
            "bounds": {
              "x": 816,
              "y": 470,
              "width": 365,
              "height": 71
            },
            "target": {
              "bounds": {
                "x": 842,
                "y": 472,
                "width": 31,
                "height": 22
              },
              "inner": {
                "x": 843,
                "y": 474,
                "width": 28,
                "height": 18
              }
            }
          }
        ]
      }
    ]
  },
  {
    "pageSize": {
      "width": 1224,
      "height": 1584
    },
    "metadata": {
      "ballotStyleId": "12",
      "electionHash": "602c9b551d08a348c3e155ba5cb336c9ef277dbf41e8b3c45726dd417934d5e8",
      "ballotType": 0,
      "precinctId": "21",
      "locales": {
        "primary": "en-US",
        "secondary": "es-US"
      },
      "isTestMode": false,
      "pageNumber": 2
    },
    "contests": [
      {
        "bounds": {
          "x": 43,
          "y": 43,
          "width": 365,
          "height": 1245
        },
        "corners": [
          {
            "x": 43,
            "y": 43
          },
          {
            "x": 407,
            "y": 43
          },
          {
            "x": 43,
            "y": 1287
          },
          {
            "x": 407,
            "y": 1287
          }
        ],
        "options": [
          {
            "bounds": {
              "x": 43,
              "y": 164,
              "width": 365,
              "height": 69
            },
            "target": {
              "bounds": {
                "x": 69,
                "y": 166,
                "width": 32,
                "height": 22
              },
              "inner": {
                "x": 71,
                "y": 168,
                "width": 28,
                "height": 18
              }
            }
          },
          {
            "bounds": {
              "x": 43,
              "y": 233,
              "width": 365,
              "height": 71
            },
            "target": {
              "bounds": {
                "x": 69,
                "y": 235,
                "width": 32,
                "height": 22
              },
              "inner": {
                "x": 71,
                "y": 237,
                "width": 28,
                "height": 18
              }
            }
          },
          {
            "bounds": {
              "x": 43,
              "y": 304,
              "width": 365,
              "height": 70
            },
            "target": {
              "bounds": {
                "x": 69,
                "y": 306,
                "width": 32,
                "height": 21
              },
              "inner": {
                "x": 71,
                "y": 308,
                "width": 28,
                "height": 17
              }
            }
          },
          {
            "bounds": {
              "x": 43,
              "y": 374,
              "width": 365,
              "height": 71
            },
            "target": {
              "bounds": {
                "x": 69,
                "y": 376,
                "width": 32,
                "height": 22
              },
              "inner": {
                "x": 71,
                "y": 378,
                "width": 28,
                "height": 18
              }
            }
          },
          {
            "bounds": {
              "x": 43,
              "y": 445,
              "width": 365,
              "height": 69
            },
            "target": {
              "bounds": {
                "x": 69,
                "y": 447,
                "width": 32,
                "height": 21
              },
              "inner": {
                "x": 71,
                "y": 449,
                "width": 28,
                "height": 17
              }
            }
          },
          {
            "bounds": {
              "x": 43,
              "y": 514,
              "width": 365,
              "height": 70
            },
            "target": {
              "bounds": {
                "x": 69,
                "y": 516,
                "width": 32,
                "height": 21
              },
              "inner": {
                "x": 71,
                "y": 518,
                "width": 28,
                "height": 17
              }
            }
          },
          {
            "bounds": {
              "x": 43,
              "y": 584,
              "width": 365,
              "height": 71
            },
            "target": {
              "bounds": {
                "x": 69,
                "y": 586,
                "width": 32,
                "height": 22
              },
              "inner": {
                "x": 71,
                "y": 588,
                "width": 28,
                "height": 18
              }
            }
          },
          {
            "bounds": {
              "x": 43,
              "y": 655,
              "width": 365,
              "height": 69
            },
            "target": {
              "bounds": {
                "x": 69,
                "y": 657,
                "width": 32,
                "height": 21
              },
              "inner": {
                "x": 71,
                "y": 659,
                "width": 28,
                "height": 17
              }
            }
          },
          {
            "bounds": {
              "x": 43,
              "y": 724,
              "width": 365,
              "height": 70
            },
            "target": {
              "bounds": {
                "x": 69,
                "y": 726,
                "width": 32,
                "height": 21
              },
              "inner": {
                "x": 71,
                "y": 728,
                "width": 28,
                "height": 17
              }
            }
          },
          {
            "bounds": {
              "x": 43,
              "y": 794,
              "width": 365,
              "height": 71
            },
            "target": {
              "bounds": {
                "x": 69,
                "y": 796,
                "width": 32,
                "height": 22
              },
              "inner": {
                "x": 71,
                "y": 798,
                "width": 28,
                "height": 18
              }
            }
          },
          {
            "bounds": {
              "x": 43,
              "y": 865,
              "width": 365,
              "height": 70
            },
            "target": {
              "bounds": {
                "x": 69,
                "y": 867,
                "width": 32,
                "height": 21
              },
              "inner": {
                "x": 71,
                "y": 869,
                "width": 28,
                "height": 17
              }
            }
          },
          {
            "bounds": {
              "x": 43,
              "y": 935,
              "width": 365,
              "height": 69
            },
            "target": {
              "bounds": {
                "x": 69,
                "y": 937,
                "width": 32,
                "height": 22
              },
              "inner": {
                "x": 71,
                "y": 939,
                "width": 28,
                "height": 18
              }
            }
          },
          {
            "bounds": {
              "x": 43,
              "y": 1004,
              "width": 365,
              "height": 71
            },
            "target": {
              "bounds": {
                "x": 69,
                "y": 1006,
                "width": 32,
                "height": 22
              },
              "inner": {
                "x": 71,
                "y": 1008,
                "width": 28,
                "height": 18
              }
            }
          },
          {
            "bounds": {
              "x": 43,
              "y": 1075,
              "width": 365,
              "height": 70
            },
            "target": {
              "bounds": {
                "x": 69,
                "y": 1077,
                "width": 32,
                "height": 21
              },
              "inner": {
                "x": 71,
                "y": 1079,
                "width": 28,
                "height": 17
              }
            }
          },
          {
            "bounds": {
              "x": 43,
              "y": 1145,
              "width": 365,
              "height": 71
            },
            "target": {
              "bounds": {
                "x": 69,
                "y": 1147,
                "width": 32,
                "height": 22
              },
              "inner": {
                "x": 71,
                "y": 1149,
                "width": 28,
                "height": 18
              }
            }
          },
          {
            "bounds": {
              "x": 43,
              "y": 1216,
              "width": 365,
              "height": 70
            },
            "target": {
              "bounds": {
                "x": 69,
                "y": 1218,
                "width": 32,
                "height": 21
              },
              "inner": {
                "x": 71,
                "y": 1220,
                "width": 28,
                "height": 17
              }
            }
          }
        ]
      },
      {
        "bounds": {
          "x": 429,
          "y": 44,
          "width": 366,
          "height": 780
        },
        "corners": [
          {
            "x": 429,
            "y": 44
          },
          {
            "x": 794,
            "y": 44
          },
          {
            "x": 429,
            "y": 823
          },
          {
            "x": 794,
            "y": 823
          }
        ],
        "options": [
          {
            "bounds": {
              "x": 429,
              "y": 190,
              "width": 366,
              "height": 70
            },
            "target": {
              "bounds": {
                "x": 454,
                "y": 192,
                "width": 32,
                "height": 21
              },
              "inner": {
                "x": 456,
                "y": 194,
                "width": 28,
                "height": 17
              }
            }
          },
          {
            "bounds": {
              "x": 429,
              "y": 260,
              "width": 366,
              "height": 69
            },
            "target": {
              "bounds": {
                "x": 454,
                "y": 262,
                "width": 32,
                "height": 22
              },
              "inner": {
                "x": 456,
                "y": 264,
                "width": 28,
                "height": 18
              }
            }
          },
          {
            "bounds": {
              "x": 429,
              "y": 329,
              "width": 366,
              "height": 71
            },
            "target": {
              "bounds": {
                "x": 454,
                "y": 331,
                "width": 32,
                "height": 22
              },
              "inner": {
                "x": 456,
                "y": 333,
                "width": 28,
                "height": 18
              }
            }
          },
          {
            "bounds": {
              "x": 429,
              "y": 400,
              "width": 366,
              "height": 70
            },
            "target": {
              "bounds": {
                "x": 454,
                "y": 402,
                "width": 32,
                "height": 21
              },
              "inner": {
                "x": 456,
                "y": 404,
                "width": 28,
                "height": 17
              }
            }
          },
          {
            "bounds": {
              "x": 429,
              "y": 470,
              "width": 366,
              "height": 71
            },
            "target": {
              "bounds": {
                "x": 454,
                "y": 472,
                "width": 32,
                "height": 22
              },
              "inner": {
                "x": 456,
                "y": 474,
                "width": 28,
                "height": 18
              }
            }
          },
          {
            "bounds": {
              "x": 429,
              "y": 541,
              "width": 366,
              "height": 69
            },
            "target": {
              "bounds": {
                "x": 454,
                "y": 543,
                "width": 32,
                "height": 21
              },
              "inner": {
                "x": 456,
                "y": 545,
                "width": 28,
                "height": 17
              }
            }
          },
          {
            "bounds": {
              "x": 429,
              "y": 610,
              "width": 366,
              "height": 70
            },
            "target": {
              "bounds": {
                "x": 454,
                "y": 612,
                "width": 32,
                "height": 21
              },
              "inner": {
                "x": 456,
                "y": 614,
                "width": 28,
                "height": 17
              }
            }
          },
          {
            "bounds": {
              "x": 429,
              "y": 680,
              "width": 366,
              "height": 71
            },
            "target": {
              "bounds": {
                "x": 454,
                "y": 682,
                "width": 32,
                "height": 22
              },
              "inner": {
                "x": 456,
                "y": 684,
                "width": 28,
                "height": 18
              }
            }
          },
          {
            "bounds": {
              "x": 429,
              "y": 751,
              "width": 366,
              "height": 71
            },
            "target": {
              "bounds": {
                "x": 454,
                "y": 753,
                "width": 32,
                "height": 21
              },
              "inner": {
                "x": 456,
                "y": 755,
                "width": 28,
                "height": 17
              }
            }
          }
        ]
      },
      {
        "bounds": {
          "x": 429,
          "y": 844,
          "width": 366,
          "height": 290
        },
        "corners": [
          {
            "x": 429,
            "y": 844
          },
          {
            "x": 794,
            "y": 844
          },
          {
            "x": 429,
            "y": 1133
          },
          {
            "x": 794,
            "y": 1133
          }
        ],
        "options": [
          {
            "bounds": {
              "x": 429,
              "y": 991,
              "width": 366,
              "height": 70
            },
            "target": {
              "bounds": {
                "x": 454,
                "y": 993,
                "width": 32,
                "height": 21
              },
              "inner": {
                "x": 456,
                "y": 995,
                "width": 28,
                "height": 17
              }
            }
          },
          {
            "bounds": {
              "x": 429,
              "y": 1061,
              "width": 366,
              "height": 71
            },
            "target": {
              "bounds": {
                "x": 454,
                "y": 1063,
                "width": 32,
                "height": 22
              },
              "inner": {
                "x": 456,
                "y": 1065,
                "width": 28,
                "height": 18
              }
            }
          }
        ]
      },
      {
        "bounds": {
          "x": 816,
          "y": 44,
          "width": 365,
          "height": 219
        },
        "corners": [
          {
            "x": 816,
            "y": 44
          },
          {
            "x": 1180,
            "y": 44
          },
          {
            "x": 816,
            "y": 262
          },
          {
            "x": 1180,
            "y": 262
          }
        ],
        "options": [
          {
            "bounds": {
              "x": 816,
              "y": 44,
              "width": 365,
              "height": 219
            },
            "target": {
              "bounds": {
                "x": 841,
                "y": 192,
                "width": 32,
                "height": 21
              },
              "inner": {
                "x": 843,
                "y": 194,
                "width": 28,
                "height": 17
              }
            }
          }
        ]
      },
      {
        "bounds": {
          "x": 816,
          "y": 283,
          "width": 365,
          "height": 389
        },
        "corners": [
          {
            "x": 816,
            "y": 283
          },
          {
            "x": 1180,
            "y": 283
          },
          {
            "x": 816,
            "y": 671
          },
          {
            "x": 1180,
            "y": 671
          }
        ],
        "options": [
          {
            "bounds": {
              "x": 816,
              "y": 458,
              "width": 365,
              "height": 69
            },
            "target": {
              "bounds": {
                "x": 841,
                "y": 460,
                "width": 32,
                "height": 22
              },
              "inner": {
                "x": 843,
                "y": 462,
                "width": 28,
                "height": 18
              }
            }
          },
          {
            "bounds": {
              "x": 816,
              "y": 527,
              "width": 365,
              "height": 71
            },
            "target": {
              "bounds": {
                "x": 841,
                "y": 529,
                "width": 32,
                "height": 22
              },
              "inner": {
                "x": 843,
                "y": 531,
                "width": 28,
                "height": 18
              }
            }
          },
          {
            "bounds": {
              "x": 816,
              "y": 598,
              "width": 365,
              "height": 72
            },
            "target": {
              "bounds": {
                "x": 841,
                "y": 600,
                "width": 32,
                "height": 21
              },
              "inner": {
                "x": 843,
                "y": 602,
                "width": 28,
                "height": 17
              }
            }
          }
        ]
      }
    ]
  },
  {
    "pageSize": {
      "width": 1224,
      "height": 1584
    },
    "metadata": {
      "ballotStyleId": "12",
      "electionHash": "602c9b551d08a348c3e155ba5cb336c9ef277dbf41e8b3c45726dd417934d5e8",
      "ballotType": 0,
      "precinctId": "21",
      "locales": {
        "primary": "en-US",
        "secondary": "es-US"
      },
      "isTestMode": false,
      "pageNumber": 3
    },
    "contests": [
      {
        "bounds": {
          "x": 43,
          "y": 43,
          "width": 365,
          "height": 1179
        },
        "corners": [
          {
            "x": 43,
            "y": 43
          },
          {
            "x": 407,
            "y": 43
          },
          {
            "x": 43,
            "y": 1221
          },
          {
            "x": 407,
            "y": 1221
          }
        ],
        "options": [
          {
            "bounds": {
              "x": 43,
              "y": 217,
              "width": 365,
              "height": 70
            },
            "target": {
              "bounds": {
                "x": 69,
                "y": 219,
                "width": 32,
                "height": 21
              },
              "inner": {
                "x": 71,
                "y": 221,
                "width": 28,
                "height": 17
              }
            }
          },
          {
            "bounds": {
              "x": 43,
              "y": 287,
              "width": 365,
              "height": 71
            },
            "target": {
              "bounds": {
                "x": 69,
                "y": 289,
                "width": 32,
                "height": 22
              },
              "inner": {
                "x": 71,
                "y": 291,
                "width": 28,
                "height": 18
              }
            }
          },
          {
            "bounds": {
              "x": 43,
              "y": 358,
              "width": 365,
              "height": 69
            },
            "target": {
              "bounds": {
                "x": 69,
                "y": 360,
                "width": 32,
                "height": 21
              },
              "inner": {
                "x": 71,
                "y": 362,
                "width": 28,
                "height": 17
              }
            }
          },
          {
            "bounds": {
              "x": 43,
              "y": 427,
              "width": 365,
              "height": 70
            },
            "target": {
              "bounds": {
                "x": 69,
                "y": 429,
                "width": 32,
                "height": 21
              },
              "inner": {
                "x": 71,
                "y": 431,
                "width": 28,
                "height": 17
              }
            }
          },
          {
            "bounds": {
              "x": 43,
              "y": 497,
              "width": 365,
              "height": 71
            },
            "target": {
              "bounds": {
                "x": 69,
                "y": 499,
                "width": 32,
                "height": 22
              },
              "inner": {
                "x": 71,
                "y": 501,
                "width": 28,
                "height": 18
              }
            }
          },
          {
            "bounds": {
              "x": 43,
              "y": 568,
              "width": 365,
              "height": 69
            },
            "target": {
              "bounds": {
                "x": 69,
                "y": 570,
                "width": 32,
                "height": 21
              },
              "inner": {
                "x": 71,
                "y": 572,
                "width": 28,
                "height": 17
              }
            }
          },
          {
            "bounds": {
              "x": 43,
              "y": 637,
              "width": 365,
              "height": 70
            },
            "target": {
              "bounds": {
                "x": 69,
                "y": 639,
                "width": 32,
                "height": 21
              },
              "inner": {
                "x": 71,
                "y": 641,
                "width": 28,
                "height": 17
              }
            }
          },
          {
            "bounds": {
              "x": 43,
              "y": 707,
              "width": 365,
              "height": 71
            },
            "target": {
              "bounds": {
                "x": 69,
                "y": 709,
                "width": 32,
                "height": 22
              },
              "inner": {
                "x": 71,
                "y": 711,
                "width": 28,
                "height": 18
              }
            }
          },
          {
            "bounds": {
              "x": 43,
              "y": 778,
              "width": 365,
              "height": 70
            },
            "target": {
              "bounds": {
                "x": 69,
                "y": 780,
                "width": 32,
                "height": 21
              },
              "inner": {
                "x": 71,
                "y": 782,
                "width": 28,
                "height": 17
              }
            }
          },
          {
            "bounds": {
              "x": 43,
              "y": 848,
              "width": 365,
              "height": 69
            },
            "target": {
              "bounds": {
                "x": 69,
                "y": 850,
                "width": 32,
                "height": 22
              },
              "inner": {
                "x": 71,
                "y": 852,
                "width": 28,
                "height": 18
              }
            }
          },
          {
            "bounds": {
              "x": 43,
              "y": 917,
              "width": 365,
              "height": 71
            },
            "target": {
              "bounds": {
                "x": 69,
                "y": 919,
                "width": 32,
                "height": 22
              },
              "inner": {
                "x": 71,
                "y": 921,
                "width": 28,
                "height": 18
              }
            }
          },
          {
            "bounds": {
              "x": 43,
              "y": 988,
              "width": 365,
              "height": 55
            },
            "target": {
              "bounds": {
                "x": 69,
                "y": 990,
                "width": 32,
                "height": 21
              },
              "inner": {
                "x": 71,
                "y": 992,
                "width": 28,
                "height": 17
              }
            }
          },
          {
            "bounds": {
              "x": 43,
              "y": 1043,
              "width": 365,
              "height": 56
            },
            "target": {
              "bounds": {
                "x": 69,
                "y": 1045,
                "width": 32,
                "height": 22
              },
              "inner": {
                "x": 71,
                "y": 1047,
                "width": 28,
                "height": 18
              }
            }
          },
          {
            "bounds": {
              "x": 43,
              "y": 1099,
              "width": 365,
              "height": 55
            },
            "target": {
              "bounds": {
                "x": 69,
                "y": 1101,
                "width": 32,
                "height": 21
              },
              "inner": {
                "x": 71,
                "y": 1103,
                "width": 28,
                "height": 17
              }
            }
          },
          {
            "bounds": {
              "x": 43,
              "y": 1154,
              "width": 365,
              "height": 66
            },
            "target": {
              "bounds": {
                "x": 69,
                "y": 1156,
                "width": 32,
                "height": 22
              },
              "inner": {
                "x": 71,
                "y": 1158,
                "width": 28,
                "height": 18
              }
            }
          }
        ]
      },
      {
        "bounds": {
          "x": 429,
          "y": 44,
          "width": 366,
          "height": 285
        },
        "corners": [
          {
            "x": 429,
            "y": 44
          },
          {
            "x": 794,
            "y": 44
          },
          {
            "x": 429,
            "y": 328
          },
          {
            "x": 794,
            "y": 328
          }
        ],
        "options": [
          {
            "bounds": {
              "x": 429,
              "y": 190,
              "width": 366,
              "height": 70
            },
            "target": {
              "bounds": {
                "x": 454,
                "y": 192,
                "width": 32,
                "height": 21
              },
              "inner": {
                "x": 456,
                "y": 194,
                "width": 28,
                "height": 17
              }
            }
          },
          {
            "bounds": {
              "x": 429,
              "y": 260,
              "width": 366,
              "height": 67
            },
            "target": {
              "bounds": {
                "x": 454,
                "y": 262,
                "width": 32,
                "height": 22
              },
              "inner": {
                "x": 456,
                "y": 264,
                "width": 28,
                "height": 18
              }
            }
          }
        ]
      },
      {
        "bounds": {
          "x": 429,
          "y": 349,
          "width": 366,
          "height": 353
        },
        "corners": [
          {
            "x": 429,
            "y": 349
          },
          {
            "x": 794,
            "y": 349
          },
          {
            "x": 429,
            "y": 701
          },
          {
            "x": 794,
            "y": 701
          }
        ],
        "options": [
          {
            "bounds": {
              "x": 429,
              "y": 493,
              "width": 366,
              "height": 69
            },
            "target": {
              "bounds": {
                "x": 454,
                "y": 495,
                "width": 32,
                "height": 21
              },
              "inner": {
                "x": 456,
                "y": 497,
                "width": 28,
                "height": 17
              }
            }
          },
          {
            "bounds": {
              "x": 429,
              "y": 562,
              "width": 366,
              "height": 70
            },
            "target": {
              "bounds": {
                "x": 454,
                "y": 564,
                "width": 32,
                "height": 21
              },
              "inner": {
                "x": 456,
                "y": 566,
                "width": 28,
                "height": 17
              }
            }
          },
          {
            "bounds": {
              "x": 429,
              "y": 632,
              "width": 366,
              "height": 68
            },
            "target": {
              "bounds": {
                "x": 454,
                "y": 634,
                "width": 32,
                "height": 22
              },
              "inner": {
                "x": 456,
                "y": 636,
                "width": 28,
                "height": 18
              }
            }
          }
        ]
      },
      {
        "bounds": {
          "x": 816,
          "y": 44,
          "width": 365,
          "height": 795
        },
        "corners": [
          {
            "x": 816,
            "y": 44
          },
          {
            "x": 1180,
            "y": 44
          },
          {
            "x": 816,
            "y": 838
          },
          {
            "x": 1180,
            "y": 838
          }
        ],
        "options": [
          {
            "bounds": {
              "x": 816,
              "y": 239,
              "width": 365,
              "height": 69
            },
            "target": {
              "bounds": {
                "x": 841,
                "y": 241,
                "width": 32,
                "height": 22
              },
              "inner": {
                "x": 843,
                "y": 243,
                "width": 28,
                "height": 18
              }
            }
          },
          {
            "bounds": {
              "x": 816,
              "y": 308,
              "width": 365,
              "height": 71
            },
            "target": {
              "bounds": {
                "x": 841,
                "y": 310,
                "width": 32,
                "height": 22
              },
              "inner": {
                "x": 843,
                "y": 312,
                "width": 28,
                "height": 18
              }
            }
          },
          {
            "bounds": {
              "x": 816,
              "y": 379,
              "width": 365,
              "height": 70
            },
            "target": {
              "bounds": {
                "x": 841,
                "y": 381,
                "width": 32,
                "height": 21
              },
              "inner": {
                "x": 843,
                "y": 383,
                "width": 28,
                "height": 17
              }
            }
          },
          {
            "bounds": {
              "x": 816,
              "y": 449,
              "width": 365,
              "height": 71
            },
            "target": {
              "bounds": {
                "x": 841,
                "y": 451,
                "width": 32,
                "height": 22
              },
              "inner": {
                "x": 843,
                "y": 453,
                "width": 28,
                "height": 18
              }
            }
          },
          {
            "bounds": {
              "x": 816,
              "y": 520,
              "width": 365,
              "height": 69
            },
            "target": {
              "bounds": {
                "x": 841,
                "y": 522,
                "width": 32,
                "height": 21
              },
              "inner": {
                "x": 843,
                "y": 524,
                "width": 28,
                "height": 17
              }
            }
          },
          {
            "bounds": {
              "x": 816,
              "y": 589,
              "width": 365,
              "height": 70
            },
            "target": {
              "bounds": {
                "x": 841,
                "y": 591,
                "width": 32,
                "height": 21
              },
              "inner": {
                "x": 843,
                "y": 593,
                "width": 28,
                "height": 17
              }
            }
          },
          {
            "bounds": {
              "x": 816,
              "y": 659,
              "width": 365,
              "height": 56
            },
            "target": {
              "bounds": {
                "x": 841,
                "y": 661,
                "width": 32,
                "height": 22
              },
              "inner": {
                "x": 843,
                "y": 663,
                "width": 28,
                "height": 18
              }
            }
          },
          {
            "bounds": {
              "x": 816,
              "y": 715,
              "width": 365,
              "height": 55
            },
            "target": {
              "bounds": {
                "x": 841,
                "y": 717,
                "width": 32,
                "height": 21
              },
              "inner": {
                "x": 843,
                "y": 719,
                "width": 28,
                "height": 17
              }
            }
          },
          {
            "bounds": {
              "x": 816,
              "y": 770,
              "width": 365,
              "height": 67
            },
            "target": {
              "bounds": {
                "x": 841,
                "y": 772,
                "width": 32,
                "height": 22
              },
              "inner": {
                "x": 843,
                "y": 774,
                "width": 28,
                "height": 18
              }
            }
          }
        ]
      }
    ]
  },
  {
    "pageSize": {
      "width": 1224,
      "height": 1584
    },
    "metadata": {
      "ballotStyleId": "12",
      "electionHash": "602c9b551d08a348c3e155ba5cb336c9ef277dbf41e8b3c45726dd417934d5e8",
      "ballotType": 0,
      "precinctId": "21",
      "locales": {
        "primary": "en-US",
        "secondary": "es-US"
      },
      "isTestMode": false,
      "pageNumber": 4
    },
    "contests": [
      {
        "bounds": {
          "x": 43,
          "y": 43,
          "width": 559,
          "height": 374
        },
        "corners": [
          {
            "x": 43,
            "y": 43
          },
          {
            "x": 601,
            "y": 43
          },
          {
            "x": 43,
            "y": 416
          },
          {
            "x": 601,
            "y": 416
          }
        ],
        "options": [
          {
            "bounds": {
              "x": 43,
              "y": 323,
              "width": 559,
              "height": 46
            },
            "target": {
              "bounds": {
                "x": 69,
                "y": 324,
                "width": 32,
                "height": 21
              },
              "inner": {
                "x": 71,
                "y": 326,
                "width": 28,
                "height": 17
              }
            }
          },
          {
            "bounds": {
              "x": 43,
              "y": 369,
              "width": 559,
              "height": 47
            },
            "target": {
              "bounds": {
                "x": 69,
                "y": 370,
                "width": 32,
                "height": 22
              },
              "inner": {
                "x": 71,
                "y": 372,
                "width": 28,
                "height": 18
              }
            }
          }
        ]
      },
      {
        "bounds": {
          "x": 43,
          "y": 438,
          "width": 559,
          "height": 345
        },
        "corners": [
          {
            "x": 43,
            "y": 438
          },
          {
            "x": 601,
            "y": 438
          },
          {
            "x": 43,
            "y": 782
          },
          {
            "x": 601,
            "y": 782
          }
        ],
        "options": [
          {
            "bounds": {
              "x": 43,
              "y": 690,
              "width": 559,
              "height": 47
            },
            "target": {
              "bounds": {
                "x": 69,
                "y": 691,
                "width": 32,
                "height": 22
              },
              "inner": {
                "x": 71,
                "y": 693,
                "width": 28,
                "height": 18
              }
            }
          },
          {
            "bounds": {
              "x": 43,
              "y": 737,
              "width": 559,
              "height": 45
            },
            "target": {
              "bounds": {
                "x": 69,
                "y": 738,
                "width": 32,
                "height": 21
              },
              "inner": {
                "x": 71,
                "y": 740,
                "width": 28,
                "height": 17
              }
            }
          }
        ]
      },
      {
        "bounds": {
          "x": 43,
          "y": 804,
          "width": 559,
          "height": 522
        },
        "corners": [
          {
            "x": 43,
            "y": 804
          },
          {
            "x": 601,
            "y": 804
          },
          {
            "x": 43,
            "y": 1325
          },
          {
            "x": 601,
            "y": 1325
          }
        ],
        "options": [
          {
            "bounds": {
              "x": 43,
              "y": 1232,
              "width": 559,
              "height": 46
            },
            "target": {
              "bounds": {
                "x": 69,
                "y": 1233,
                "width": 32,
                "height": 21
              },
              "inner": {
                "x": 71,
                "y": 1235,
                "width": 28,
                "height": 17
              }
            }
          },
          {
            "bounds": {
              "x": 43,
              "y": 1278,
              "width": 559,
              "height": 47
            },
            "target": {
              "bounds": {
                "x": 69,
                "y": 1279,
                "width": 32,
                "height": 22
              },
              "inner": {
                "x": 71,
                "y": 1281,
                "width": 28,
                "height": 18
              }
            }
          }
        ]
      },
      {
        "bounds": {
          "x": 622,
          "y": 44,
          "width": 559,
          "height": 733
        },
        "corners": [
          {
            "x": 622,
            "y": 44
          },
          {
            "x": 1180,
            "y": 44
          },
          {
            "x": 622,
            "y": 776
          },
          {
            "x": 1180,
            "y": 776
          }
        ],
        "options": [
          {
            "bounds": {
              "x": 622,
              "y": 684,
              "width": 559,
              "height": 45
            },
            "target": {
              "bounds": {
                "x": 648,
                "y": 685,
                "width": 32,
                "height": 22
              },
              "inner": {
                "x": 650,
                "y": 687,
                "width": 28,
                "height": 18
              }
            }
          },
          {
            "bounds": {
              "x": 622,
              "y": 729,
              "width": 559,
              "height": 47
            },
            "target": {
              "bounds": {
                "x": 648,
                "y": 730,
                "width": 32,
                "height": 22
              },
              "inner": {
                "x": 650,
                "y": 732,
                "width": 28,
                "height": 18
              }
            }
          }
        ]
      },
      {
        "bounds": {
          "x": 622,
          "y": 798,
          "width": 559,
          "height": 447
        },
        "corners": [
          {
            "x": 622,
            "y": 798
          },
          {
            "x": 1180,
            "y": 798
          },
          {
            "x": 622,
            "y": 1244
          },
          {
            "x": 1180,
            "y": 1244
          }
        ],
        "options": [
          {
            "bounds": {
              "x": 622,
              "y": 1152,
              "width": 559,
              "height": 45
            },
            "target": {
              "bounds": {
                "x": 648,
                "y": 1153,
                "width": 32,
                "height": 22
              },
              "inner": {
                "x": 650,
                "y": 1155,
                "width": 28,
                "height": 18
              }
            }
          },
          {
            "bounds": {
              "x": 622,
              "y": 1197,
              "width": 559,
              "height": 47
            },
            "target": {
              "bounds": {
                "x": 648,
                "y": 1198,
                "width": 32,
                "height": 22
              },
              "inner": {
                "x": 650,
                "y": 1200,
                "width": 28,
                "height": 18
              }
            }
          }
        ]
      }
    ]
  },
  {
    "pageSize": {
      "width": 1224,
      "height": 1584
    },
    "metadata": {
      "ballotStyleId": "12",
      "electionHash": "602c9b551d08a348c3e155ba5cb336c9ef277dbf41e8b3c45726dd417934d5e8",
      "ballotType": 0,
      "precinctId": "21",
      "locales": {
        "primary": "en-US",
        "secondary": "es-US"
      },
      "isTestMode": false,
      "pageNumber": 5
    },
    "contests": [
      {
        "bounds": {
          "x": 43,
          "y": 43,
          "width": 559,
          "height": 604
        },
        "corners": [
          {
            "x": 43,
            "y": 43
          },
          {
            "x": 601,
            "y": 43
          },
          {
            "x": 43,
            "y": 646
          },
          {
            "x": 601,
            "y": 646
          }
        ],
        "options": [
          {
            "bounds": {
              "x": 43,
              "y": 554,
              "width": 559,
              "height": 45
            },
            "target": {
              "bounds": {
                "x": 69,
                "y": 555,
                "width": 32,
                "height": 21
              },
              "inner": {
                "x": 71,
                "y": 557,
                "width": 28,
                "height": 17
              }
            }
          },
          {
            "bounds": {
              "x": 43,
              "y": 599,
              "width": 559,
              "height": 47
            },
            "target": {
              "bounds": {
                "x": 69,
                "y": 600,
                "width": 32,
                "height": 21
              },
              "inner": {
                "x": 71,
                "y": 602,
                "width": 28,
                "height": 17
              }
            }
          }
        ]
      },
      {
        "bounds": {
          "x": 43,
          "y": 667,
          "width": 559,
          "height": 588
        },
        "corners": [
          {
            "x": 43,
            "y": 667
          },
          {
            "x": 601,
            "y": 667
          },
          {
            "x": 43,
            "y": 1254
          },
          {
            "x": 601,
            "y": 1254
          }
        ],
        "options": [
          {
            "bounds": {
              "x": 43,
              "y": 1161,
              "width": 559,
              "height": 47
            },
            "target": {
              "bounds": {
                "x": 69,
                "y": 1162,
                "width": 32,
                "height": 22
              },
              "inner": {
                "x": 71,
                "y": 1164,
                "width": 28,
                "height": 18
              }
            }
          },
          {
            "bounds": {
              "x": 43,
              "y": 1208,
              "width": 559,
              "height": 46
            },
            "target": {
              "bounds": {
                "x": 69,
                "y": 1209,
                "width": 32,
                "height": 21
              },
              "inner": {
                "x": 71,
                "y": 1211,
                "width": 28,
                "height": 17
              }
            }
          }
        ]
      },
      {
        "bounds": {
          "x": 622,
          "y": 44,
          "width": 559,
          "height": 520
        },
        "corners": [
          {
            "x": 622,
            "y": 44
          },
          {
            "x": 1180,
            "y": 44
          },
          {
            "x": 622,
            "y": 563
          },
          {
            "x": 1180,
            "y": 563
          }
        ],
        "options": [
          {
            "bounds": {
              "x": 622,
              "y": 471,
              "width": 559,
              "height": 45
            },
            "target": {
              "bounds": {
                "x": 648,
                "y": 472,
                "width": 32,
                "height": 22
              },
              "inner": {
                "x": 650,
                "y": 474,
                "width": 28,
                "height": 18
              }
            }
          },
          {
            "bounds": {
              "x": 622,
              "y": 516,
              "width": 559,
              "height": 47
            },
            "target": {
              "bounds": {
                "x": 648,
                "y": 517,
                "width": 32,
                "height": 22
              },
              "inner": {
                "x": 650,
                "y": 519,
                "width": 28,
                "height": 18
              }
            }
          }
        ]
      }
    ]
  },
  {
    "pageSize": {
      "width": 1224,
      "height": 1584
    },
    "metadata": {
      "ballotStyleId": "12",
      "electionHash": "602c9b551d08a348c3e155ba5cb336c9ef277dbf41e8b3c45726dd417934d5e8",
      "ballotType": 0,
      "precinctId": "21",
      "locales": {
        "primary": "en-US",
        "secondary": "es-US"
      },
      "isTestMode": false,
      "pageNumber": 6
    },
    "contests": []
  }
]