[
  {
    "pageSize": {
      "width": 1224,
      "height": 1584
    },
    "metadata": {
      "ballotStyleId": "7C",
      "electionHash": "602c9b551d08a348c3e155ba5cb336c9ef277dbf41e8b3c45726dd417934d5e8",
      "ballotType": 0,
      "precinctId": "20",
      "locales": {
        "primary": "en-US",
        "secondary": "es-US"
      },
      "isTestMode": false,
      "pageNumber": 1
    },
    "contests": [
      {
        "bounds": {
          "x": 429,
          "y": 43,
          "width": 366,
          "height": 293
        },
        "corners": [
          {
            "x": 429,
            "y": 43
          },
          {
            "x": 794,
            "y": 43
          },
          {
            "x": 429,
            "y": 335
          },
          {
            "x": 794,
            "y": 335
          }
        ],
        "options": [
          {
            "bounds": {
              "x": 429,
              "y": 217,
              "width": 366,
              "height": 70
            },
            "target": {
              "bounds": {
                "x": 454,
                "y": 219,
                "width": 32,
                "height": 21
              },
              "inner": {
                "x": 456,
                "y": 221,
                "width": 28,
                "height": 17
              }
            }
          },
          {
            "bounds": {
              "x": 429,
              "y": 288,
              "width": 366,
              "height": 47
            },
            "target": {
              "bounds": {
                "x": 454,
                "y": 289,
                "width": 32,
                "height": 22
              },
              "inner": {
                "x": 456,
                "y": 291,
                "width": 28,
                "height": 18
              }
            }
          }
        ]
      }
    ]
  },
  {
    "pageSize": {
      "width": 1224,
      "height": 1584
    },
    "metadata": {
      "ballotStyleId": "7C",
      "electionHash": "602c9b551d08a348c3e155ba5cb336c9ef277dbf41e8b3c45726dd417934d5e8",
      "ballotType": 0,
      "precinctId": "20",
      "locales": {
        "primary": "en-US",
        "secondary": "es-US"
      },
      "isTestMode": false,
      "pageNumber": 2
    },
    "contests": []
  }
]