[
  {
    "pageSize": {
      "width": 1224,
      "height": 1584
    },
    "metadata": {
      "ballotStyleId": "7C",
      "electionHash": "602c9b551d08a348c3e155ba5cb336c9ef277dbf41e8b3c45726dd417934d5e8",
      "ballotType": 0,
      "precinctId": "20",
      "locales": {
        "primary": "en-US",
        "secondary": "es-US"
      },
      "isTestMode": false,
      "pageNumber": 1
    },
    "contests": []
  },
  {
    "pageSize": {
      "width": 1224,
      "height": 1584
    },
    "metadata": {
      "ballotStyleId": "7C",
      "electionHash": "602c9b551d08a348c3e155ba5cb336c9ef277dbf41e8b3c45726dd417934d5e8",
      "ballotType": 0,
      "precinctId": "20",
      "locales": {
        "primary": "en-US",
        "secondary": "es-US"
      },
      "isTestMode": false,
      "pageNumber": 2
    },
    "contests": []
  }
]