[
  {
    "pageSize": {
      "width": 1224,
      "height": 1584
    },
    "metadata": {
      "ballotStyleId": "5",
      "electionHash": "602c9b551d08a348c3e155ba5cb336c9ef277dbf41e8b3c45726dd417934d5e8",
      "ballotType": 0,
      "precinctId": "21",
      "locales": {
        "primary": "en-US"
      },
      "isTestMode": false,
      "pageNumber": 1
    },
    "contests": [
      {
        "bounds": {
          "x": 429,
          "y": 43,
          "width": 366,
          "height": 692
        },
        "corners": [
          {
            "x": 429,
            "y": 43
          },
          {
            "x": 794,
            "y": 43
          },
          {
            "x": 429,
            "y": 734
          },
          {
            "x": 794,
            "y": 734
          }
        ],
        "options": [
          {
            "bounds": {
              "x": 429,
              "y": 187,
              "width": 366,
              "height": 95
            },
            "target": {
              "bounds": {
                "x": 455,
                "y": 190,
                "width": 31,
                "height": 22
              },
              "inner": {
                "x": 456,
                "y": 192,
                "width": 28,
                "height": 18
              }
            }
          },
          {
            "bounds": {
              "x": 429,
              "y": 282,
              "width": 366,
              "height": 94
            },
            "target": {
              "bounds": {
                "x": 454,
                "y": 285,
                "width": 32,
                "height": 21
              },
              "inner": {
                "x": 456,
                "y": 287,
                "width": 28,
                "height": 17
              }
            }
          },
          {
            "bounds": {
              "x": 429,
              "y": 376,
              "width": 366,
              "height": 95
            },
            "target": {
              "bounds": {
                "x": 455,
                "y": 379,
                "width": 31,
                "height": 22
              },
              "inner": {
                "x": 456,
                "y": 381,
                "width": 28,
                "height": 18
              }
            }
          },
          {
            "bounds": {
              "x": 429,
              "y": 472,
              "width": 366,
              "height": 70
            },
            "target": {
              "bounds": {
                "x": 454,
                "y": 474,
                "width": 32,
                "height": 21
              },
              "inner": {
                "x": 456,
                "y": 476,
                "width": 28,
                "height": 17
              }
            }
          },
          {
            "bounds": {
              "x": 429,
              "y": 541,
              "width": 366,
              "height": 95
            },
            "target": {
              "bounds": {
                "x": 455,
                "y": 544,
                "width": 31,
                "height": 22
              },
              "inner": {
                "x": 456,
                "y": 546,
                "width": 28,
                "height": 18
              }
            }
          },
          {
            "bounds": {
              "x": 429,
              "y": 636,
              "width": 366,
              "height": 96
            },
            "target": {
              "bounds": {
                "x": 454,
                "y": 639,
                "width": 32,
                "height": 21
              },
              "inner": {
                "x": 456,
                "y": 641,
                "width": 28,
                "height": 17
              }
            }
          }
        ]
      },
      {
        "bounds": {
          "x": 429,
          "y": 756,
          "width": 366,
          "height": 473
        },
        "corners": [
          {
            "x": 429,
            "y": 756
          },
          {
            "x": 794,
            "y": 756
          },
          {
            "x": 429,
            "y": 1228
          },
          {
            "x": 794,
            "y": 1228
          }
        ],
        "options": [
          {
            "bounds": {
              "x": 429,
              "y": 875,
              "width": 366,
              "height": 69
            },
            "target": {
              "bounds": {
                "x": 455,
                "y": 877,
                "width": 31,
                "height": 22
              },
              "inner": {
                "x": 456,
                "y": 879,
                "width": 28,
                "height": 18
              }
            }
          },
          {
            "bounds": {
              "x": 429,
              "y": 944,
              "width": 366,
              "height": 71
            },
            "target": {
              "bounds": {
                "x": 455,
                "y": 946,
                "width": 31,
                "height": 22
              },
              "inner": {
                "x": 456,
                "y": 948,
                "width": 28,
                "height": 18
              }
            }
          },
          {
            "bounds": {
              "x": 429,
              "y": 1015,
              "width": 366,
              "height": 70
            },
            "target": {
              "bounds": {
                "x": 454,
                "y": 1017,
                "width": 32,
                "height": 21
              },
              "inner": {
                "x": 456,
                "y": 1019,
                "width": 28,
                "height": 17
              }
            }
          },
          {
            "bounds": {
              "x": 429,
              "y": 1085,
              "width": 366,
              "height": 71
            },
            "target": {
              "bounds": {
                "x": 455,
                "y": 1087,
                "width": 31,
                "height": 22
              },
              "inner": {
                "x": 456,
                "y": 1089,
                "width": 28,
                "height": 18
              }
            }
          },
          {
            "bounds": {
              "x": 429,
              "y": 1156,
              "width": 366,
              "height": 71
            },
            "target": {
              "bounds": {
                "x": 454,
                "y": 1158,
                "width": 32,
                "height": 21
              },
              "inner": {
                "x": 456,
                "y": 1160,
                "width": 28,
                "height": 17
              }
            }
          }
        ]
      },
      {
        "bounds": {
          "x": 816,
          "y": 43,
          "width": 365,
          "height": 754
        },
        "corners": [
          {
            "x": 816,
            "y": 43
          },
          {
            "x": 1180,
            "y": 43
          },
          {
            "x": 816,
            "y": 796
          },
          {
            "x": 1180,
            "y": 796
          }
        ],
        "options": [
          {
            "bounds": {
              "x": 816,
              "y": 163,
              "width": 365,
              "height": 69
            },
            "target": {
              "bounds": {
                "x": 841,
                "y": 165,
                "width": 32,
                "height": 21
              },
              "inner": {
                "x": 843,
                "y": 167,
                "width": 28,
                "height": 17
              }
            }
          },
          {
            "bounds": {
              "x": 816,
              "y": 232,
              "width": 365,
              "height": 70
            },
            "target": {
              "bounds": {
                "x": 841,
                "y": 234,
                "width": 32,
                "height": 21
              },
              "inner": {
                "x": 843,
                "y": 236,
                "width": 28,
                "height": 17
              }
            }
          },
          {
            "bounds": {
              "x": 816,
              "y": 302,
              "width": 365,
              "height": 71
            },
            "target": {
              "bounds": {
                "x": 842,
                "y": 304,
                "width": 31,
                "height": 22
              },
              "inner": {
                "x": 843,
                "y": 306,
                "width": 28,
                "height": 18
              }
            }
          },
          {
            "bounds": {
              "x": 816,
              "y": 373,
              "width": 365,
              "height": 70
            },
            "target": {
              "bounds": {
                "x": 841,
                "y": 375,
                "width": 32,
                "height": 21
              },
              "inner": {
                "x": 843,
                "y": 377,
                "width": 28,
                "height": 17
              }
            }
          },
          {
            "bounds": {
              "x": 816,
              "y": 443,
              "width": 365,
              "height": 69
            },
            "target": {
              "bounds": {
                "x": 842,
                "y": 445,
                "width": 31,
                "height": 22
              },
              "inner": {
                "x": 843,
                "y": 447,
                "width": 28,
                "height": 18
              }
            }
          },
          {
            "bounds": {
              "x": 816,
              "y": 512,
              "width": 365,
              "height": 71
            },
            "target": {
              "bounds": {
                "x": 842,
                "y": 514,
                "width": 31,
                "height": 22
              },
              "inner": {
                "x": 843,
                "y": 516,
                "width": 28,
                "height": 18
              }
            }
          },
          {
            "bounds": {
              "x": 816,
              "y": 583,
              "width": 365,
              "height": 70
            },
            "target": {
              "bounds": {
                "x": 841,
                "y": 585,
                "width": 32,
                "height": 21
              },
              "inner": {
                "x": 843,
                "y": 587,
                "width": 28,
                "height": 17
              }
            }
          },
          {
            "bounds": {
              "x": 816,
              "y": 653,
              "width": 365,
              "height": 69
            },
            "target": {
              "bounds": {
                "x": 842,
                "y": 655,
                "width": 31,
                "height": 22
              },
              "inner": {
                "x": 843,
                "y": 657,
                "width": 28,
                "height": 18
              }
            }
          },
          {
            "bounds": {
              "x": 816,
              "y": 722,
              "width": 365,
              "height": 73
            },
            "target": {
              "bounds": {
                "x": 842,
                "y": 724,
                "width": 31,
                "height": 22
              },
              "inner": {
                "x": 843,
                "y": 726,
                "width": 28,
                "height": 18
              }
            }
          }
        ]
      },
      {
        "bounds": {
          "x": 816,
          "y": 817,
          "width": 365,
          "height": 193
        },
        "corners": [
          {
            "x": 816,
            "y": 817
          },
          {
            "x": 1180,
            "y": 817
          },
          {
            "x": 816,
            "y": 1009
          },
          {
            "x": 1180,
            "y": 1009
          }
        ],
        "options": [
          {
            "bounds": {
              "x": 816,
              "y": 817,
              "width": 365,
              "height": 193
            },
            "target": {
              "bounds": {
                "x": 841,
                "y": 939,
                "width": 32,
                "height": 21
              },
              "inner": {
                "x": 843,
                "y": 941,
                "width": 28,
                "height": 17
              }
            }
          }
        ]
      },
      {
        "bounds": {
          "x": 816,
          "y": 1030,
          "width": 365,
          "height": 359
        },
        "corners": [
          {
            "x": 816,
            "y": 1030
          },
          {
            "x": 1180,
            "y": 1030
          },
          {
            "x": 816,
            "y": 1388
          },
          {
            "x": 1180,
            "y": 1388
          }
        ],
        "options": [
          {
            "bounds": {
              "x": 816,
              "y": 1175,
              "width": 365,
              "height": 71
            },
            "target": {
              "bounds": {
                "x": 842,
                "y": 1177,
                "width": 31,
                "height": 22
              },
              "inner": {
                "x": 843,
                "y": 1179,
                "width": 28,
                "height": 18
              }
            }
          },
          {
            "bounds": {
              "x": 816,
              "y": 1246,
              "width": 365,
              "height": 70
            },
            "target": {
              "bounds": {
                "x": 841,
                "y": 1248,
                "width": 32,
                "height": 21
              },
              "inner": {
                "x": 843,
                "y": 1250,
                "width": 28,
                "height": 17
              }
            }
          },
          {
            "bounds": {
              "x": 816,
              "y": 1316,
              "width": 365,
              "height": 71
            },
            "target": {
              "bounds": {
                "x": 842,
                "y": 1318,
                "width": 31,
                "height": 22
              },
              "inner": {
                "x": 843,
                "y": 1320,
                "width": 28,
                "height": 18
              }
            }
          }
        ]
      }
    ]
  },
  {
    "pageSize": {
      "width": 1224,
      "height": 1584
    },
    "metadata": {
      "ballotStyleId": "5",
      "electionHash": "602c9b551d08a348c3e155ba5cb336c9ef277dbf41e8b3c45726dd417934d5e8",
      "ballotType": 0,
      "precinctId": "21",
      "locales": {
        "primary": "en-US"
      },
      "isTestMode": false,
      "pageNumber": 2
    },
    "contests": [
      {
        "bounds": {
          "x": 43,
          "y": 43,
          "width": 365,
          "height": 258
        },
        "corners": [
          {
            "x": 43,
            "y": 43
          },
          {
            "x": 407,
            "y": 43
          },
          {
            "x": 43,
            "y": 300
          },
          {
            "x": 407,
            "y": 300
          }
        ],
        "options": [
          {
            "bounds": {
              "x": 43,
              "y": 163,
              "width": 365,
              "height": 69
            },
            "target": {
              "bounds": {
                "x": 69,
                "y": 165,
                "width": 32,
                "height": 21
              },
              "inner": {
                "x": 71,
                "y": 167,
                "width": 28,
                "height": 17
              }
            }
          },
          {
            "bounds": {
              "x": 43,
              "y": 232,
              "width": 365,
              "height": 67
            },
            "target": {
              "bounds": {
                "x": 69,
                "y": 234,
                "width": 32,
                "height": 21
              },
              "inner": {
                "x": 71,
                "y": 236,
                "width": 28,
                "height": 17
              }
            }
          }
        ]
      }
    ]
  },
  {
    "pageSize": {
      "width": 1224,
      "height": 1584
    },
    "metadata": {
      "ballotStyleId": "5",
      "electionHash": "602c9b551d08a348c3e155ba5cb336c9ef277dbf41e8b3c45726dd417934d5e8",
      "ballotType": 0,
      "precinctId": "21",
      "locales": {
        "primary": "en-US"
      },
      "isTestMode": false,
      "pageNumber": 3
    },
    "contests": [
      {
        "bounds": {
          "x": 43,
          "y": 43,
          "width": 559,
          "height": 265
        },
        "corners": [
          {
            "x": 43,
            "y": 43
          },
          {
            "x": 601,
            "y": 43
          },
          {
            "x": 43,
            "y": 307
          },
          {
            "x": 601,
            "y": 307
          }
        ],
        "options": [
          {
            "bounds": {
              "x": 43,
              "y": 215,
              "width": 559,
              "height": 45
            },
            "target": {
              "bounds": {
                "x": 69,
                "y": 216,
                "width": 32,
                "height": 21
              },
              "inner": {
                "x": 71,
                "y": 218,
                "width": 28,
                "height": 17
              }
            }
          },
          {
            "bounds": {
              "x": 43,
              "y": 260,
              "width": 559,
              "height": 47
            },
            "target": {
              "bounds": {
                "x": 69,
                "y": 261,
                "width": 32,
                "height": 21
              },
              "inner": {
                "x": 71,
                "y": 263,
                "width": 28,
                "height": 17
              }
            }
          }
        ]
      },
      {
        "bounds": {
          "x": 43,
          "y": 328,
          "width": 559,
          "height": 340
        },
        "corners": [
          {
            "x": 43,
            "y": 328
          },
          {
            "x": 601,
            "y": 328
          },
          {
            "x": 43,
            "y": 667
          },
          {
            "x": 601,
            "y": 667
          }
        ],
        "options": [
          {
            "bounds": {
              "x": 43,
              "y": 575,
              "width": 559,
              "height": 45
            },
            "target": {
              "bounds": {
                "x": 69,
                "y": 576,
                "width": 32,
                "height": 21
              },
              "inner": {
                "x": 71,
                "y": 578,
                "width": 28,
                "height": 17
              }
            }
          },
          {
            "bounds": {
              "x": 43,
              "y": 620,
              "width": 559,
              "height": 47
            },
            "target": {
              "bounds": {
                "x": 69,
                "y": 621,
                "width": 32,
                "height": 21
              },
              "inner": {
                "x": 71,
                "y": 623,
                "width": 28,
                "height": 17
              }
            }
          }
        ]
      },
      {
        "bounds": {
          "x": 43,
          "y": 688,
          "width": 559,
          "height": 467
        },
        "corners": [
          {
            "x": 43,
            "y": 688
          },
          {
            "x": 601,
            "y": 688
          },
          {
            "x": 43,
            "y": 1154
          },
          {
            "x": 601,
            "y": 1154
          }
        ],
        "options": [
          {
            "bounds": {
              "x": 43,
              "y": 1064,
              "width": 559,
              "height": 45
            },
            "target": {
              "bounds": {
                "x": 69,
                "y": 1065,
                "width": 32,
                "height": 21
              },
              "inner": {
                "x": 71,
                "y": 1067,
                "width": 28,
                "height": 17
              }
            }
          },
          {
            "bounds": {
              "x": 43,
              "y": 1109,
              "width": 559,
              "height": 45
            },
            "target": {
              "bounds": {
                "x": 69,
                "y": 1110,
                "width": 32,
                "height": 21
              },
              "inner": {
                "x": 71,
                "y": 1112,
                "width": 28,
                "height": 17
              }
            }
          }
        ]
      },
      {
        "bounds": {
          "x": 622,
          "y": 44,
          "width": 559,
          "height": 382
        },
        "corners": [
          {
            "x": 622,
            "y": 44
          },
          {
            "x": 1180,
            "y": 44
          },
          {
            "x": 622,
            "y": 425
          },
          {
            "x": 1180,
            "y": 425
          }
        ],
        "options": [
          {
            "bounds": {
              "x": 622,
              "y": 333,
              "width": 559,
              "height": 45
            },
            "target": {
              "bounds": {
                "x": 648,
                "y": 334,
                "width": 32,
                "height": 22
              },
              "inner": {
                "x": 650,
                "y": 336,
                "width": 28,
                "height": 18
              }
            }
          },
          {
            "bounds": {
              "x": 622,
              "y": 378,
              "width": 559,
              "height": 47
            },
            "target": {
              "bounds": {
                "x": 648,
                "y": 379,
                "width": 32,
                "height": 22
              },
              "inner": {
                "x": 650,
                "y": 381,
                "width": 28,
                "height": 18
              }
            }
          }
        ]
      },
      {
        "bounds": {
          "x": 622,
          "y": 447,
          "width": 559,
          "height": 338
        },
        "corners": [
          {
            "x": 622,
            "y": 447
          },
          {
            "x": 1180,
            "y": 447
          },
          {
            "x": 622,
            "y": 784
          },
          {
            "x": 1180,
            "y": 784
          }
        ],
        "options": [
          {
            "bounds": {
              "x": 622,
              "y": 693,
              "width": 559,
              "height": 45
            },
            "target": {
              "bounds": {
                "x": 648,
                "y": 694,
                "width": 32,
                "height": 22
              },
              "inner": {
                "x": 650,
                "y": 696,
                "width": 28,
                "height": 18
              }
            }
          },
          {
            "bounds": {
              "x": 622,
              "y": 738,
              "width": 559,
              "height": 46
            },
            "target": {
              "bounds": {
                "x": 648,
                "y": 739,
                "width": 32,
                "height": 22
              },
              "inner": {
                "x": 650,
                "y": 741,
                "width": 28,
                "height": 18
              }
            }
          }
        ]
      }
    ]
  },
  {
    "pageSize": {
      "width": 1224,
      "height": 1584
    },
    "metadata": {
      "ballotStyleId": "5",
      "electionHash": "602c9b551d08a348c3e155ba5cb336c9ef277dbf41e8b3c45726dd417934d5e8",
      "ballotType": 0,
      "precinctId": "21",
      "locales": {
        "primary": "en-US"
      },
      "isTestMode": false,
      "pageNumber": 4
    },
    "contests": []
  }
]