{
  "title": "Example Primary Election",
  "state": "State of Sample",
  "county": {
    "id": "sample-county",
    "name": "Sample County"
  },
  "date": "2021-09-08T00:00:00-08:00",
  "ballotLayout": {
    "paperSize": "letter"
  },
  "districts": [
    {
      "id": "district-1",
      "name": "District 1"
    }
  ],
  "parties": [
    {
      "id": "0",
      "name": "Mammal",
      "fullName": "Mammal Party",
      "abbrev": "Ma"
    },
    {
      "id": "1",
      "name": "Fish",
      "fullName": "Fish Party",
      "abbrev": "F"
    }
  ],
  "contests": [
    {
      "id": "best-animal-mammal",
      "districtId": "district-1",
      "type": "candidate",
      "title": "Best Animal",
      "seats": 1,
      "partyId": "0",
      "candidates": [
        {
          "id": "horse",
          "name": "Horse",
          "partyIds": ["0"]
        },
        {
          "id": "otter",
          "name": "Otter",
          "partyIds": ["0"]
        },
        {
          "id": "fox",
          "name": "Fox",
          "partyIds": ["0"]
        }
      ],
      "allowWriteIns": false
    },
    {
      "id": "best-animal-fish",
      "districtId": "district-1",
      "type": "candidate",
      "title": "Best Animal",
      "seats": 1,
      "partyId": "1",
      "candidates": [
        {
          "id": "seahorse",
          "name": "Seahorse",
          "partyIds": ["1"]
        },
        {
          "id": "salmon",
          "name": "Salmon",
          "partyIds": ["1"]
        }
      ],
      "allowWriteIns": false
    },
    {
      "id": "zoo-council-mammal",
      "districtId": "district-1",
      "type": "candidate",
      "title": "Zoo Council",
      "seats": 3,
      "partyId": "0",
      "candidates": [
        {
          "id": "zebra",
          "name": "Zebra",
          "partyIds": ["0"]
        },
        {
          "id": "lion",
          "name": "Lion",
          "partyIds": ["0"]
        },
        {
          "id": "kangaroo",
          "name": "Kangaroo",
          "partyIds": ["0"]
        },
        {
          "id": "elephant",
          "name": "Elephant",
          "partyIds": ["0"]
        }
      ],
      "allowWriteIns": true
    },
    {
      "id": "aquarium-council-fish",
      "districtId": "district-1",
      "type": "candidate",
      "title": "Zoo Council",
      "seats": 2,
      "partyId": "1",
      "candidates": [
        {
          "id": "manta-ray",
          "name": "Manta Ray",
          "partyIds": ["1"]
        },
        {
          "id": "pufferfish",
          "name": "Pufferfish",
          "partyIds": ["1"]
        },
        {
          "id": "rockfish",
          "name": "Rockfish",
          "partyIds": ["1"]
        },
        {
          "id": "triggerfish",
          "name": "Triggerfish",
          "partyIds": ["1"]
        }
      ],
      "allowWriteIns": true
    },
    {
      "id": "new-zoo-either",
      "districtId": "district-1",
      "type": "yesno",
      "title": "Ballot Measure 1",
      "description": "Initiative Measure No. 12, Should Sample City establish a new safari-style zoo costing 2,000,000?\n\n Alternative Measure 12 A, Should Sample City establish a new traditional zoo costing 1,000,000?",
      "yesOption": {
        "id": "new-zoo-either-approved",
        "label": "FOR APPROVAL OF EITHER Initiative No. 12 OR Alternative Initiative No. 12 A"
      },
      "noOption": {
        "id": "new-zoo-neither-approved",
        "label": "AGAINST BOTH Initiative No. 12 AND Alternative Measure 12 A"
      }
    },
    {
      "id": "new-zoo-pick",
      "districtId": "district-1",
      "type": "yesno",
      "title": "Ballot Measure 1",
      "description": "Initiative Measure No. 12, Should Sample City establish a new safari-style zoo costing 2,000,000?\n\n Alternative Measure 12 A, Should Sample City establish a new traditional zoo costing 1,000,000?",
      "yesOption": {
        "id": "new-zoo-safari",
        "label": "FOR Initiative No. 12"
      },
      "noOption": {
        "id": "new-zoo-traditional",
        "label": "FOR Alternative Measure No. 12 A"
      }
    },
    {
      "id": "fishing",
      "districtId": "district-1",
      "type": "yesno",
      "title": "Ballot Measure 3",
      "description": "Should fishing be banned in all city owned lakes and rivers?",
      "yesOption": {
        "id": "ban-fishing",
        "label": "YES"
      },
      "noOption": {
        "id": "allow-fishing",
        "label": "NO"
      }
    }
  ],
  "precincts": [
    {
      "id": "precinct-1",
      "name": "Precinct 1"
    },
    {
      "id": "precinct-2",
      "name": "Precinct 2"
    }
  ],
  "ballotStyles": [
    {
      "id": "1M",
      "precincts": ["precinct-1", "precinct-2"],
      "districts": ["district-1"],
      "partyId": "0"
    },
    {
      "id": "2F",
      "precincts": ["precinct-1", "precinct-2"],
      "districts": ["district-1"],
      "partyId": "1"
    }
  ],
  "sealUrl": "/seals/Sample-Seal.svg"
}
